【整租】川沙 心圆西苑 2室1厅,心圆西苑,3000,http://sh.58.com/pinpaigongyu/28046206220609x.shtml
【整租】漕河泾 华悦家园 1室0厅,华悦家园,2200,http://sh.58.com/pinpaigongyu/28256346523836x.shtml
【整租】武宁路 百合公寓 1室0厅,【整租】武宁路,2580,http://sh.58.com/pinpaigongyu/28265703702847x.shtml
【整租】上海植物园 C9连锁公寓 1室1厅,【整租】上海植物园,2500,http://sh.58.com/pinpaigongyu/28232691123150x.shtml
【整租】张江 湾流国际青年社区 1室1厅,【整租】张江,2700,http://sh.58.com/pinpaigongyu/28248056997059x.shtml
【整租】金桥 湾流国际青年社区 1室1厅,【整租】金桥,3019,http://sh.58.com/pinpaigongyu/28066228525898x.shtml
【整租】安亭 魔方公寓汽车城 1室0厅,【整租】安亭,2000,http://sh.58.com/pinpaigongyu/28101385509821x.shtml
【整租】张江 湾流国际青年社区 1室1厅,【整租】张江,2700,http://sh.58.com/pinpaigongyu/28054936630987x.shtml
【合租】金桥 金泽苑 3室次卧,金泽苑,2500,http://sh.58.com/pinpaigongyu/27934781806511x.shtml
【整租】静安寺 桐心公寓 1室1厅,【整租】静安寺,2350,http://sh.58.com/pinpaigongyu/28102514889549x.shtml
【整租】周浦 湾流青年国际社区 1室1厅,湾流青年国际社区,2200,http://sh.58.com/pinpaigongyu/28220218129099x.shtml
【整租】周浦 湾流青年国际社区 1室1厅,湾流青年国际社区,2200,http://sh.58.com/pinpaigongyu/28021794529851x.shtml
【整租】华东理工 c9连锁公寓 1室2厅,【整租】华东理工,3500,http://sh.58.com/pinpaigongyu/27924866869550x.shtml
【整租】漕河泾 城家公寓 1室0厅,【整租】漕河泾,3920,http://sh.58.com/pinpaigongyu/28054465209273x.shtml
【整租】浦江 桐心公寓 1室1厅,【整租】浦江,2600,http://sh.58.com/pinpaigongyu/27825679558705x.shtml
【整租】金桥 湾流国际青年社区 1室1厅,【整租】金桥,3199,http://sh.58.com/pinpaigongyu/27933827018548x.shtml
【整租】罗店 佳翔苑 2室1厅,佳翔苑,2300,http://sh.58.com/pinpaigongyu/28057591015219x.shtml
【整租】周浦 周浦万达广场 1室1厅,周浦万达广场,2180,http://sh.58.com/pinpaigongyu/28220372704829x.shtml
【整租】惠南 彩虹雅苑 3室1厅,彩虹雅苑,2800,http://sh.58.com/pinpaigongyu/28123298557483x.shtml
【整租】通河新村 昌鑫家园 3室1厅,昌鑫家园,2000,http://sh.58.com/pinpaigongyu/27978460095148x.shtml
【整租】惠南 彩虹雅苑 3室1厅,彩虹雅苑,2800,http://sh.58.com/pinpaigongyu/28123298557483x.shtml
【整租】通河新村 昌鑫家园 3室1厅,昌鑫家园,2000,http://sh.58.com/pinpaigongyu/27978460095148x.shtml
【整租】源深 桐心公寓 1室1厅,【整租】源深,2300,http://sh.58.com/pinpaigongyu/28131770970311x.shtml
【整租】金桥 桐心公寓 1室1厅,【整租】金桥,2650,http://sh.58.com/pinpaigongyu/28111676004149x.shtml
【整租】南京东路 中福城三期 1室1厅,中福城三期,2800,http://sh.58.com/pinpaigongyu/28254951315019x.shtml
【整租】金桥 桐心公寓 1室1厅,【整租】金桥,2000,http://sh.58.com/pinpaigongyu/28102580421447x.shtml
【整租】浦江 桐心公寓 1室1厅,【整租】浦江,2666,http://sh.58.com/pinpaigongyu/27858275075261x.shtml
【合租】张江 申城佳苑二期A块 4室主卧,申城佳苑二期A块,2480,http://sh.58.com/pinpaigongyu/27903405604678x.shtml
【整租】颛桥 馨香酒店式公寓 3室1厅,【整租】颛桥,2721,http://sh.58.com/pinpaigongyu/27866241843781x.shtml
【整租】杨行 宝启公寓 1室1厅,【整租】杨行,2580,http://sh.58.com/pinpaigongyu/27899483596586x.shtml
【整租】川沙 华川家园 2室1厅,华川家园,3000,http://sh.58.com/pinpaigongyu/28079495665740x.shtml
【整租】新天地 复兴苑 1室1厅,复兴苑,2650,http://sh.58.com/pinpaigongyu/28225677720267x.shtml
【整租】田林 万科华尔兹花园 1室1厅,万科华尔兹花园,4000,http://sh.58.com/pinpaigongyu/28258629343662x.shtml
【整租】周浦 c9公寓 1室0厅,【整租】周浦,2200,http://sh.58.com/pinpaigongyu/27956446658994x.shtml
【整租】金沙江路 湾流社区华东师大 1室1厅,湾流社区华东师大,3900,http://sh.58.com/pinpaigongyu/28068110939707x.shtml
【整租】东昌站地铁站 桐心公寓 1室1厅,【整租】东昌站地铁站,2680,http://sh.58.com/pinpaigongyu/28109707699770x.shtml
【整租】金桥 纬度服务公寓 1室0厅,【整租】金桥,2400,http://sh.58.com/pinpaigongyu/28121050028861x.shtml
【整租】金杨新村 桐心公寓 1室1厅,【整租】金杨新村,2500,http://sh.58.com/pinpaigongyu/27871890250414x.shtml
【整租】金桥 桐心公寓 1室1厅,【整租】金桥,2400,http://sh.58.com/pinpaigongyu/27871266360780x.shtml
【整租】嘉定城区 绿洲丰怡园 3室1厅,绿洲丰怡园,3550,http://sh.58.com/pinpaigongyu/28242042595625x.shtml
【整租】嘉定城区 绿洲丰怡园 3室1厅,绿洲丰怡园,3550,http://sh.58.com/pinpaigongyu/28242042595625x.shtml
【整租】北桥区快 魔方公寓莲花南路 1室1厅,【整租】北桥区快,2400,http://sh.58.com/pinpaigongyu/28098490093767x.shtml
【整租】金桥 桐心公寓 1室1厅,【整租】金桥,2250,http://sh.58.com/pinpaigongyu/28122208798525x.shtml
【合租】漕河泾 华悦家园 2室主卧,华悦家园,2000,http://sh.58.com/pinpaigongyu/28200774249021x.shtml
【合租】地铁中山公园 兆丰嘉园 3室主卧,兆丰嘉园,3290,http://sh.58.com/pinpaigongyu/28200651256768x.shtml
【整租】周浦 湾流青年国际社区 1室1厅,湾流青年国际社区,2600,http://sh.58.com/pinpaigongyu/28127729191749x.shtml
【整租】金桥 纬度公寓 1室1厅,【整租】金桥,2500,http://sh.58.com/pinpaigongyu/27977783629247x.shtml
【整租】杨行 宝启公寓 1室1厅,【整租】杨行,2580,http://sh.58.com/pinpaigongyu/27899414568776x.shtml
【整租】周浦 湾流青年国际社区 1室1厅,湾流青年国际社区,2200,http://sh.58.com/pinpaigongyu/28242202123959x.shtml
【整租】唐镇 唐巢高科坊(高科 1室1厅,唐巢高科坊(高科,2600,http://sh.58.com/pinpaigongyu/28253775202756x.shtml
【整租】周浦 周浦万达广场商业 1室1厅,周浦万达广场商业,2200,http://sh.58.com/pinpaigongyu/27767933918121x.shtml
【整租】张江 湾流青年国际社区 1室1厅,湾流青年国际社区,3700,http://sh.58.com/pinpaigongyu/28069148944957x.shtml
【合租】曲阳路 曲阳名邸 3室主卧,曲阳名邸,3369,http://sh.58.com/pinpaigongyu/28276274764202x.shtml
【整租】金沙江路 湾流社区华东师大 1室1厅,湾流社区华东师大,3900,http://sh.58.com/pinpaigongyu/28078232394671x.shtml
【合租】大场 彭浦农工商公共租 8室主卧,彭浦农工商公共租,2168,http://sh.58.com/pinpaigongyu/28032138577352x.shtml
【整租】张江 桐心公寓 1室1厅,【整租】张江,2900,http://sh.58.com/pinpaigongyu/28110247926582x.shtml
【整租】张江 湾流国际青年社区 1室1厅,【整租】张江,2900,http://sh.58.com/pinpaigongyu/28278681964332x.shtml
【整租】周浦 湾流青年国际社区 1室1厅,湾流青年国际社区,2500,http://sh.58.com/pinpaigongyu/28199040927173x.shtml
【整租】浦江 桐心公寓 1室1厅,【整租】浦江,2340,http://sh.58.com/pinpaigongyu/27833274814263x.shtml
【整租】杨行 宝启公寓 1室1厅,【整租】杨行,2680,http://sh.58.com/pinpaigongyu/27899976885177x.shtml
【合租】地铁中山公园 兆丰嘉园 3室主卧,兆丰嘉园,3290,http://sh.58.com/pinpaigongyu/28200651256768x.shtml
【整租】周浦 湾流青年国际社区 1室1厅,湾流青年国际社区,2600,http://sh.58.com/pinpaigongyu/28127729191749x.shtml
【整租】金桥 纬度公寓 1室1厅,【整租】金桥,2500,http://sh.58.com/pinpaigongyu/27977783629247x.shtml
【整租】杨行 宝启公寓 1室1厅,【整租】杨行,2580,http://sh.58.com/pinpaigongyu/27899414568776x.shtml
【整租】周浦 湾流青年国际社区 1室1厅,湾流青年国际社区,2200,http://sh.58.com/pinpaigongyu/28242202123959x.shtml
【整租】唐镇 唐巢高科坊(高科 1室1厅,唐巢高科坊(高科,2600,http://sh.58.com/pinpaigongyu/28253775202756x.shtml
【整租】周浦 周浦万达广场商业 1室1厅,周浦万达广场商业,2200,http://sh.58.com/pinpaigongyu/27767933918121x.shtml
【整租】张江 湾流青年国际社区 1室1厅,湾流青年国际社区,3700,http://sh.58.com/pinpaigongyu/28069148944957x.shtml
【合租】曲阳路 曲阳名邸 3室主卧,曲阳名邸,3369,http://sh.58.com/pinpaigongyu/28276274764202x.shtml
【整租】金沙江路 湾流社区华东师大 1室1厅,湾流社区华东师大,3900,http://sh.58.com/pinpaigongyu/28078232394671x.shtml
【合租】大场 彭浦农工商公共租 8室主卧,彭浦农工商公共租,2168,http://sh.58.com/pinpaigongyu/28032138577352x.shtml
【整租】张江 桐心公寓 1室1厅,【整租】张江,2900,http://sh.58.com/pinpaigongyu/28110247926582x.shtml
【整租】张江 湾流国际青年社区 1室1厅,【整租】张江,2900,http://sh.58.com/pinpaigongyu/28278681964332x.shtml
【整租】周浦 湾流青年国际社区 1室1厅,湾流青年国际社区,2500,http://sh.58.com/pinpaigongyu/28199040927173x.shtml
【整租】浦江 桐心公寓 1室1厅,【整租】浦江,2340,http://sh.58.com/pinpaigongyu/27833274814263x.shtml
【整租】杨行 宝启公寓 1室1厅,【整租】杨行,2680,http://sh.58.com/pinpaigongyu/27899976885177x.shtml
【整租】安亭 魔方公寓汽车城 1室0厅,【整租】安亭,2000,http://sh.58.com/pinpaigongyu/27800081781950x.shtml
【整租】嘉定新城 远香舫嘉苑 3室1厅,远香舫嘉苑,2480,http://sh.58.com/pinpaigongyu/28256070995259x.shtml
【整租】曹路 金群苑 1室1厅,金群苑,2700,http://sh.58.com/pinpaigongyu/28254828391374x.shtml
【整租】菊园新区 怡华家园 3室1厅,怡华家园,3500,http://sh.58.com/pinpaigongyu/28035574563000x.shtml
【整租】曹路 金群苑 1室1厅,金群苑,2700,http://sh.58.com/pinpaigongyu/28254828391374x.shtml
【整租】菊园新区 怡华家园 3室1厅,怡华家园,3500,http://sh.58.com/pinpaigongyu/28035574563000x.shtml
【整租】张江 湾流国际青年社区 1室1厅,【整租】张江,2900,http://sh.58.com/pinpaigongyu/28112612832585x.shtml
【合租】高行 新高苑 1室主卧,新高苑,2360,http://sh.58.com/pinpaigongyu/27966444213456x.shtml
【整租】张江 湾流国际青年社区 1室1厅,【整租】张江,2900,http://sh.58.com/pinpaigongyu/28002002323144x.shtml
【整租】周浦 湾流青年国际社区 1室1厅,湾流青年国际社区,2200,http://sh.58.com/pinpaigongyu/28230998707404x.shtml
【整租】张江 湾流国际青年社区 1室1厅,【整租】张江,2700,http://sh.58.com/pinpaigongyu/28005367378747x.shtml
【合租】大华路 大华二村 2室次卧,大华二村,3274,http://sh.58.com/pinpaigongyu/28065684374826x.shtml
【整租】东昌站地铁站 桐心公寓 1室1厅,【整租】东昌站地铁站,2300,http://sh.58.com/pinpaigongyu/28131745470525x.shtml
【整租】浦江 华侨城七期 1室1厅,华侨城七期,2480,http://sh.58.com/pinpaigongyu/28221044595271x.shtml
【整租】外高桥 桐心公寓 1室1厅,【整租】外高桥,2000,http://sh.58.com/pinpaigongyu/28103859904207x.shtml
【整租】浦江 桐心公寓 1室1厅,【整租】浦江,2588,http://sh.58.com/pinpaigongyu/27933349804604x.shtml
【整租】川沙 东都小区 3室1厅,东都小区,3500,http://sh.58.com/pinpaigongyu/28167262074423x.shtml
【整租】周浦 湾流青年国际社区 1室1厅,湾流青年国际社区,2500,http://sh.58.com/pinpaigongyu/28067685736525x.shtml
【整租】金桥 桐心公寓 1室1厅,【整租】金桥,2000,http://sh.58.com/pinpaigongyu/28103081833009x.shtml
【整租】张江 湾流国际青年社区 1室1厅,【整租】张江,2900,http://sh.58.com/pinpaigongyu/28176801591094x.shtml
【整租】金桥 东方丽景 1室1厅,东方丽景,2250,http://sh.58.com/pinpaigongyu/28231333033159x.shtml
【合租】北蔡 绿川新苑 4室次卧,绿川新苑,2480,http://sh.58.com/pinpaigongyu/28221091584938x.shtml
【整租】张江 湾流国际青年社区 1室1厅,【整租】张江,2900,http://sh.58.com/pinpaigongyu/28109527161527x.shtml
【整租】人民广场 北海小区 1室1厅,北海小区,2400,http://sh.58.com/pinpaigongyu/28176314026317x.shtml
【合租】北蔡 绿川新苑 4室次卧,绿川新苑,2480,http://sh.58.com/pinpaigongyu/28221091584938x.shtml
【整租】张江 湾流国际青年社区 1室1厅,【整租】张江,2900,http://sh.58.com/pinpaigongyu/28109527161527x.shtml
【整租】人民广场 北海小区 1室1厅,北海小区,2400,http://sh.58.com/pinpaigongyu/28176314026317x.shtml
【合租】田林 尚汇豪庭 2室主卧,尚汇豪庭,2350,http://sh.58.com/pinpaigongyu/28200758791500x.shtml
【整租】金沙江路 湾流社区华东师大 1室1厅,湾流社区华东师大,3900,http://sh.58.com/pinpaigongyu/28055303962691x.shtml
【合租】田林 怡桂苑 1室主卧,怡桂苑,2180,http://sh.58.com/pinpaigongyu/28242511875265x.shtml
【整租】周浦 湾流青年国际社区 1室1厅,湾流青年国际社区,2500,http://sh.58.com/pinpaigongyu/28055171476549x.shtml
【整租】金桥 融都金桥园 1室1厅,融都金桥园,2250,http://sh.58.com/pinpaigongyu/28147694979274x.shtml
【整租】陆家嘴 松山小区 1室1厅,松山小区,2560,http://sh.58.com/pinpaigongyu/28211093859149x.shtml
【整租】周浦 湾流青年国际社区 1室1厅,湾流青年国际社区,2500,http://sh.58.com/pinpaigongyu/28025141094736x.shtml
【整租】大柏树 魔方公寓大柏树店 1室1厅,【整租】大柏树,2900,http://sh.58.com/pinpaigongyu/28278767118131x.shtml
【整租】金桥 湾流国际青年社区 1室1厅,【整租】金桥,3600,http://sh.58.com/pinpaigongyu/28024244675392x.shtml
【整租】外高桥 汇郡海棠苑 1室1厅,汇郡海棠苑,3500,http://sh.58.com/pinpaigongyu/27901861046962x.shtml
【整租】高境 atway遇道 1室1厅,atway遇道,3200,http://sh.58.com/pinpaigongyu/28243252159428x.shtml
【整租】武宁路 百合公寓 1室0厅,【整租】武宁路,3080,http://sh.58.com/pinpaigongyu/28112260033208x.shtml
【整租】周浦 湾流青年国际社区 1室1厅,湾流青年国际社区,2600,http://sh.58.com/pinpaigongyu/28127911649451x.shtml
【整租】浦江 桐心公寓 1室1厅,【整租】浦江,2500,http://sh.58.com/pinpaigongyu/27871904782647x.shtml
【整租】周浦 湾流青年国际社区 1室1厅,湾流青年国际社区,2200,http://sh.58.com/pinpaigongyu/27649051173176x.shtml
【整租】菊园新区 柳湖景庭 4室1厅,柳湖景庭,3000,http://sh.58.com/pinpaigongyu/28242792133803x.shtml
【整租】三林 岭南苑 1室1厅,岭南苑,2500,http://sh.58.com/pinpaigongyu/28266205491497x.shtml
【整租】菊园新区 柳湖景庭 4室1厅,柳湖景庭,3000,http://sh.58.com/pinpaigongyu/28242792133803x.shtml
【整租】三林 岭南苑 1室1厅,岭南苑,2500,http://sh.58.com/pinpaigongyu/28266205491497x.shtml
【整租】人民广场 协和里 1室1厅,协和里,2580,http://sh.58.com/pinpaigongyu/28220326760654x.shtml
【整租】周浦 c9公寓 1室0厅,【整租】周浦,2280,http://sh.58.com/pinpaigongyu/27836508891827x.shtml
【合租】凉城 复旦小区 3室主卧,复旦小区,2851,http://sh.58.com/pinpaigongyu/28276281687618x.shtml
【整租】斜土路 东安花苑 1室1厅,东安花苑,3850,http://sh.58.com/pinpaigongyu/28176985848143x.shtml
【整租】金桥 桐心公寓 1室1厅,【整租】金桥,2000,http://sh.58.com/pinpaigongyu/28102608491962x.shtml
【整租】金杨新村 金杨三街坊 1室1厅,金杨三街坊,2660,http://sh.58.com/pinpaigongyu/28233924524600x.shtml
【整租】周浦 湾流青年国际社区 1室1厅,湾流青年国际社区,2500,http://sh.58.com/pinpaigongyu/28055143714624x.shtml
【整租】唐镇 唐巢高科坊(高科 1室1厅,唐巢高科坊(高科,2800,http://sh.58.com/pinpaigongyu/28253784062645x.shtml
【整租】南京东路 中福城二期 1室1厅,中福城二期,3950,http://sh.58.com/pinpaigongyu/28259977905709x.shtml
【整租】金桥 湾流国际青年社区 1室1厅,【整租】金桥,3011,http://sh.58.com/pinpaigongyu/28155993023162x.shtml
【合租】曹杨 怒江苑 4室主卧,怒江苑,3570,http://sh.58.com/pinpaigongyu/27899797066700x.shtml
【整租】新天地 复兴苑 1室1厅,复兴苑,2660,http://sh.58.com/pinpaigongyu/28225685157825x.shtml
【整租】张江 湾流国际青年社区 1室1厅,【整租】张江,3700,http://sh.58.com/pinpaigongyu/28209576720576x.shtml
【整租】金桥 湾流国际青年社区 1室1厅,【整租】金桥,3168,http://sh.58.com/pinpaigongyu/28167991956414x.shtml
【整租】陆家嘴 竹南小区 1室1厅,竹南小区,2450,http://sh.58.com/pinpaigongyu/28265323809991x.shtml
【整租】唐镇 唐巢高科坊(高科 1室1厅,唐巢高科坊(高科,2300,http://sh.58.com/pinpaigongyu/28264005666230x.shtml
【整租】李子园 星云经济区 1室0厅,星云经济区,3200,http://sh.58.com/pinpaigongyu/28187082008890x.shtml
【整租】唐镇 金利公寓 1室1厅,【整租】唐镇,3500,http://sh.58.com/pinpaigongyu/27790454729522x.shtml
【合租】曹杨 怒江苑 4室主卧,怒江苑,3570,http://sh.58.com/pinpaigongyu/27899797066700x.shtml
【整租】新天地 复兴苑 1室1厅,复兴苑,2660,http://sh.58.com/pinpaigongyu/28225685157825x.shtml
【整租】张江 湾流国际青年社区 1室1厅,【整租】张江,3700,http://sh.58.com/pinpaigongyu/28209576720576x.shtml
【整租】金桥 湾流国际青年社区 1室1厅,【整租】金桥,3168,http://sh.58.com/pinpaigongyu/28167991956414x.shtml
【整租】陆家嘴 竹南小区 1室1厅,竹南小区,2450,http://sh.58.com/pinpaigongyu/28265323809991x.shtml
【整租】唐镇 唐巢高科坊(高科 1室1厅,唐巢高科坊(高科,2300,http://sh.58.com/pinpaigongyu/28264005666230x.shtml
【整租】李子园 星云经济区 1室0厅,星云经济区,3200,http://sh.58.com/pinpaigongyu/28187082008890x.shtml
【整租】唐镇 金利公寓 1室1厅,【整租】唐镇,3500,http://sh.58.com/pinpaigongyu/27790454729522x.shtml
【整租】周浦 湾流青年国际社区 1室1厅,湾流青年国际社区,2200,http://sh.58.com/pinpaigongyu/28220305596488x.shtml
【整租】金桥 碧海现代苑 1室1厅,碧海现代苑,2250,http://sh.58.com/pinpaigongyu/28176813347131x.shtml
【整租】张江 湾流国际青年社区 1室1厅,【整租】张江,2900,http://sh.58.com/pinpaigongyu/28089848436014x.shtml
【整租】金桥 东兴华苑 1室1厅,东兴华苑,3000,http://sh.58.com/pinpaigongyu/27933987455291x.shtml
【合租】漕河泾 华悦家园 2室主卧,华悦家园,2200,http://sh.58.com/pinpaigongyu/28224778079302x.shtml
【整租】提篮桥 索纳特大酒店公寓 1室1厅,【整租】提篮桥,2080,http://sh.58.com/pinpaigongyu/28155324286028x.shtml
【整租】川沙 川北小区 2室1厅,川北小区,3600,http://sh.58.com/pinpaigongyu/28135088813614x.shtml
【整租】菊园新区 柳湖景庭 3室1厅,柳湖景庭,3500,http://sh.58.com/pinpaigongyu/28057308186320x.shtml
【合租】漕河泾 泰成花苑 2室主卧,泰成花苑,2250,http://sh.58.com/pinpaigongyu/28244564665146x.shtml
【整租】金桥 湾流国际青年社区 1室1厅,【整租】金桥,2989,http://sh.58.com/pinpaigongyu/28066807790923x.shtml
【整租】惠南 惠康苑 3室1厅,惠康苑,2800,http://sh.58.com/pinpaigongyu/28123297666491x.shtml
【整租】北桥区快 魔方公寓莲花南路 1室1厅,【整租】北桥区快,2000,http://sh.58.com/pinpaigongyu/28111072627648x.shtml
【整租】金桥 东兴华苑 1室1厅,东兴华苑,3699,http://sh.58.com/pinpaigongyu/27976856174913x.shtml
【整租】川沙 金厦苑 3室1厅,金厦苑,2800,http://sh.58.com/pinpaigongyu/28267445147856x.shtml
【整租】张江 湾流国际青年社区 1室1厅,【整租】张江,2900,http://sh.58.com/pinpaigongyu/28192738144316x.shtml
【整租】高境 atway遇道 1室1厅,atway遇道,3000,http://sh.58.com/pinpaigongyu/28242944241855x.shtml
【整租】周浦 湾流青年国际社区 1室1厅,湾流青年国际社区,2200,http://sh.58.com/pinpaigongyu/28222777283149x.shtml
【整租】八佰伴 桐心公寓 1室1厅,【整租】八佰伴,2800,http://sh.58.com/pinpaigongyu/28114037585725x.shtml
【整租】浦东周边 寿二小区 1室1厅,寿二小区,2250,http://sh.58.com/pinpaigongyu/28187858709169x.shtml
【整租】金桥 湾流国际青年社区 1室1厅,【整租】金桥,3600,http://sh.58.com/pinpaigongyu/27880289574057x.shtml
【整租】罗店 金丰苑 3室1厅,金丰苑,2800,http://sh.58.com/pinpaigongyu/28201516384075x.shtml
【整租】金桥 湾流国际青年社区 1室1厅,【整租】金桥,3099,http://sh.58.com/pinpaigongyu/28187579238967x.shtml
【整租】惠南 惠康苑东苑 2室1厅,惠康苑东苑,2400,http://sh.58.com/pinpaigongyu/28133822869171x.shtml
【整租】武宁路 百合公寓 1室0厅,【整租】武宁路,2380,http://sh.58.com/pinpaigongyu/28144549808587x.shtml
【整租】周浦 湾流青年国际社区 1室1厅,湾流青年国际社区,2500,http://sh.58.com/pinpaigongyu/28244054171071x.shtml
【整租】周浦 湾流青年国际社区 1室1厅,湾流青年国际社区,2500,http://sh.58.com/pinpaigongyu/28039389070783x.shtml
【整租】川沙 川虹新苑(妙川路 3室1厅,川虹新苑(妙川路,3800,http://sh.58.com/pinpaigongyu/28255352046800x.shtml
【整租】人民广场 协和里 1室1厅,协和里,2200,http://sh.58.com/pinpaigongyu/28220253894193x.shtml
【整租】张江 湾流国际青年社区 1室1厅,【整租】张江,2700,http://sh.58.com/pinpaigongyu/28222631498702x.shtml
【整租】北新泾 c9公寓 1室2厅,【整租】北新泾,4000,http://sh.58.com/pinpaigongyu/27922562645835x.shtml
【整租】陆家嘴 桐心公寓 1室1厅,【整租】陆家嘴,2500,http://sh.58.com/pinpaigongyu/28113963879502x.shtml
【整租】杨行 宝启公寓 1室1厅,【整租】杨行,2600,http://sh.58.com/pinpaigongyu/27900033043247x.shtml
【整租】张江 湾流国际青年社区 1室1厅,【整租】张江,2900,http://sh.58.com/pinpaigongyu/28012012027819x.shtml
【整租】周浦 湾流青年国际社区 1室1厅,湾流青年国际社区,2500,http://sh.58.com/pinpaigongyu/27967852909243x.shtml
【整租】周浦 湾流青年国际社区 1室1厅,湾流青年国际社区,2200,http://sh.58.com/pinpaigongyu/28055054002502x.shtml
【整租】碧云 银泰花园 1室1厅,银泰花园,2350,http://sh.58.com/pinpaigongyu/28212172033590x.shtml
【整租】武宁路 百合公寓 1室0厅,【整租】武宁路,2580,http://sh.58.com/pinpaigongyu/28265764042436x.shtml
【整租】金沙江路 湾流社区华东师大 1室1厅,湾流社区华东师大,3900,http://sh.58.com/pinpaigongyu/27954916736335x.shtml
【整租】陆家嘴 桐心公寓 1室1厅,【整租】陆家嘴,2480,http://sh.58.com/pinpaigongyu/28109650513743x.shtml
【整租】周浦 湾流青年国际社区 1室1厅,湾流青年国际社区,2200,http://sh.58.com/pinpaigongyu/28034075915330x.shtml
【整租】上海大学 湾流国际青年社区 1室1厅,【整租】上海大学,2800,http://sh.58.com/pinpaigongyu/28233018525761x.shtml
【合租】金杨新村 仁和花苑 3室主卧,仁和花苑,2260,http://sh.58.com/pinpaigongyu/27936289399999x.shtml
【整租】洋泾 华阳苑 1室1厅,华阳苑,2350,http://sh.58.com/pinpaigongyu/28212889028547x.shtml
【整租】金桥 湾流国际青年社区 1室1厅,【整租】金桥,3019,http://sh.58.com/pinpaigongyu/28165388023606x.shtml
【整租】田林 未来域壹极公寓 1室0厅,【整租】田林,3990,http://sh.58.com/pinpaigongyu/28032952842043x.shtml
【整租】周浦 湾流青年国际社区 1室1厅,湾流青年国际社区,2200,http://sh.58.com/pinpaigongyu/28232051930415x.shtml
【整租】金桥 湾流国际青年社区 1室1厅,【整租】金桥,3499,http://sh.58.com/pinpaigongyu/28023488625326x.shtml
【整租】罗店 金丰苑 2室1厅,金丰苑,2300,http://sh.58.com/pinpaigongyu/28176571269943x.shtml
【整租】张江 湾流国际青年社区 1室1厅,【整租】张江,2900,http://sh.58.com/pinpaigongyu/28112621195575x.shtml
【整租】王港 华昌小区 1室1厅,华昌小区,3100,http://sh.58.com/pinpaigongyu/28244685926602x.shtml
【整租】五角场 湾流青年国际社区 1室1厅,湾流青年国际社区,4000,http://sh.58.com/pinpaigongyu/28242640831295x.shtml
【整租】金桥 桐心公寓 1室1厅,【整租】金桥,2250,http://sh.58.com/pinpaigongyu/27944667970631x.shtml
【整租】罗店 金丰苑 2室1厅,金丰苑,2300,http://sh.58.com/pinpaigongyu/28176571269943x.shtml
【整租】张江 湾流国际青年社区 1室1厅,【整租】张江,2900,http://sh.58.com/pinpaigongyu/28112621195575x.shtml
【整租】王港 华昌小区 1室1厅,华昌小区,3100,http://sh.58.com/pinpaigongyu/28244685926602x.shtml
【整租】五角场 湾流青年国际社区 1室1厅,湾流青年国际社区,4000,http://sh.58.com/pinpaigongyu/28242640831295x.shtml
【整租】金桥 桐心公寓 1室1厅,【整租】金桥,2250,http://sh.58.com/pinpaigongyu/27944667970631x.shtml
【整租】上海大学 湾流国际青年社区 1室1厅,【整租】上海大学,2800,http://sh.58.com/pinpaigongyu/28221206797099x.shtml
【整租】三林 桐心公寓 1室1厅,【整租】三林,2500,http://sh.58.com/pinpaigongyu/27888591233871x.shtml
【整租】金杨新村 艾山新村 1室1厅,艾山新村,2560,http://sh.58.com/pinpaigongyu/28178257362222x.shtml
【整租】张江 湾流国际青年社区 1室1厅,【整租】张江,2700,http://sh.58.com/pinpaigongyu/28001940510130x.shtml
【整租】金桥 湾流国际青年社区 1室1厅,【整租】金桥,2999,http://sh.58.com/pinpaigongyu/27989973588794x.shtml
【整租】周浦 湾流青年国际社区 1室1厅,湾流青年国际社区,2600,http://sh.58.com/pinpaigongyu/28254850960954x.shtml
【合租】高行 东旭雅苑 1室主卧,东旭雅苑,2800,http://sh.58.com/pinpaigongyu/28225555396546x.shtml
【整租】北桥区快 魔方公寓莲花南路 1室1厅,【整租】北桥区快,2300,http://sh.58.com/pinpaigongyu/28098553637935x.shtml
【合租】大宁路 歌林春天 4室主卧,歌林春天,3230,http://sh.58.com/pinpaigongyu/28088749525951x.shtml
【整租】张江 湾流国际青年社区 1室1厅,【整租】张江,2700,http://sh.58.com/pinpaigongyu/27999532144689x.shtml
【整租】罗店 金丰苑 3室1厅,金丰苑,3100,http://sh.58.com/pinpaigongyu/28012423401540x.shtml
【整租】延长路 c9公寓 1室2厅,【整租】延长路,4000,http://sh.58.com/pinpaigongyu/28033041166149x.shtml
【合租】上海南站 石龙路128号 3室次卧,石龙路128号,2850,http://sh.58.com/pinpaigongyu/28222333092156x.shtml
【整租】老西门 唐家宅小区 1室1厅,唐家宅小区,3300,http://sh.58.com/pinpaigongyu/28270692540844x.shtml
【整租】张江 湾流国际青年社区 1室1厅,【整租】张江,2700,http://sh.58.com/pinpaigongyu/28033219716549x.shtml
【合租】世博滨江 昌里花园 4室次卧,昌里花园,2763,http://sh.58.com/pinpaigongyu/28265584635216x.shtml
【整租】王港 同馨苑 1室1厅,同馨苑,3200,http://sh.58.com/pinpaigongyu/28245470355658x.shtml
【整租】张江 湾流国际青年社区 1室1厅,【整租】张江,3700,http://sh.58.com/pinpaigongyu/28222247852734x.shtml
【整租】周浦 湾流青年国际社区 1室1厅,湾流青年国际社区,2500,http://sh.58.com/pinpaigongyu/28166715421373x.shtml
【整租】周浦 湾流青年国际社区 1室1厅,湾流青年国际社区,2200,http://sh.58.com/pinpaigongyu/28193686111814x.shtml
【整租】金杨新村 艾山新村 1室0厅,艾山新村,2190,http://sh.58.com/pinpaigongyu/28179267554121x.shtml
【整租】张江 湾流国际青年社区 1室1厅,【整租】张江,2900,http://sh.58.com/pinpaigongyu/28178578492490x.shtml
【整租】陆家嘴 竹南小区 1室1厅,竹南小区,2350,http://sh.58.com/pinpaigongyu/28211715829547x.shtml
【整租】金杨新村 罗山八村 1室1厅,罗山八村,2250,http://sh.58.com/pinpaigongyu/28189655420856x.shtml
【整租】虹口足球场 广灵二路商业街3 1室1厅,广灵二路商业街3,3500,http://sh.58.com/pinpaigongyu/28165746615369x.shtml
【合租】田林 怡桂苑 2室主卧,怡桂苑,2100,http://sh.58.com/pinpaigongyu/28266599831117x.shtml
【整租】淞南 虹方格公寓 1室0厅,【整租】淞南,2500,http://sh.58.com/pinpaigongyu/28235100654160x.shtml
【整租】上海大学 湾流国际青年社区 1室1厅,【整租】上海大学,2800,http://sh.58.com/pinpaigongyu/28244362671420x.shtml
【合租】漕河泾 华悦家园 1室主卧,华悦家园,2000,http://sh.58.com/pinpaigongyu/28234967019837x.shtml
【整租】金桥 湾流国际青年社区 1室1厅,【整租】金桥,3600,http://sh.58.com/pinpaigongyu/27868195084984x.shtml
【整租】洋泾 桐心公寓 1室1厅,【整租】洋泾,2250,http://sh.58.com/pinpaigongyu/28144340360243x.shtml
【整租】杨行 宝启公寓 1室1厅,【整租】杨行,2580,http://sh.58.com/pinpaigongyu/28132065469885x.shtml
【整租】周浦 湾流青年国际社区 1室1厅,湾流青年国际社区,2500,http://sh.58.com/pinpaigongyu/28231520700588x.shtml
【合租】田林 徐汇玺庭 1室主卧,徐汇玺庭,2080,http://sh.58.com/pinpaigongyu/28189683542711x.shtml
【整租】金桥 桐心公寓 1室1厅,【整租】金桥,2250,http://sh.58.com/pinpaigongyu/28122115007936x.shtml
【整租】嘉定城区 绿洲丰怡园 3室1厅,绿洲丰怡园,2500,http://sh.58.com/pinpaigongyu/28256291720004x.shtml
【整租】张江 湾流国际青年社区 1室1厅,【整租】张江,2700,http://sh.58.com/pinpaigongyu/28079036291536x.shtml
【整租】浦江 湾流国际青年社区 2室1厅,【整租】浦江,3700,http://sh.58.com/pinpaigongyu/28144085635884x.shtml
【整租】淮海中路 桐心公寓 1室1厅,【整租】淮海中路,2600,http://sh.58.com/pinpaigongyu/28126858306764x.shtml
【整租】张江 湾流国际青年社区 1室1厅,【整租】张江,2900,http://sh.58.com/pinpaigongyu/28122764140363x.shtml
【整租】张江 湾流国际青年社区 1室1厅,【整租】张江,2700,http://sh.58.com/pinpaigongyu/28088009636017x.shtml
【合租】漕河泾 华悦家园 2室主卧,华悦家园,2100,http://sh.58.com/pinpaigongyu/28275873552965x.shtml
【整租】金沙江路 湾流社区华东师大 1室1厅,湾流社区华东师大,3900,http://sh.58.com/pinpaigongyu/28024069398326x.shtml
【整租】陆家嘴 桐心公寓 1室1厅,【整租】陆家嘴,2560,http://sh.58.com/pinpaigongyu/28123464084010x.shtml
【整租】上海南站 城家公寓 1室0厅,【整租】上海南站,2790,http://sh.58.com/pinpaigongyu/28145173766850x.shtml
【整租】世纪公园 桐心公寓 1室1厅,【整租】世纪公园,2560,http://sh.58.com/pinpaigongyu/28145681638982x.shtml
【整租】张江 湾流国际青年社区 1室1厅,【整租】张江,2900,http://sh.58.com/pinpaigongyu/28098566387910x.shtml
【整租】川沙 金厦苑 2室1厅,金厦苑,2600,http://sh.58.com/pinpaigongyu/28158879716684x.shtml
【整租】张江 湾流国际青年社区 1室1厅,【整租】张江,2900,http://sh.58.com/pinpaigongyu/28254290512554x.shtml
【整租】北桥区快 魔方公寓莲花南路 1室1厅,【整租】北桥区快,2400,http://sh.58.com/pinpaigongyu/28098518010154x.shtml
【整租】人民广场 平望小区 1室1厅,平望小区,3900,http://sh.58.com/pinpaigongyu/28260111968586x.shtml
【合租】川沙 新德小区 2室次卧,新德小区,2829,http://sh.58.com/pinpaigongyu/28132232367168x.shtml
【整租】潍坊新村 桐心公寓 1室1厅,【整租】潍坊新村,2200,http://sh.58.com/pinpaigongyu/28102695822266x.shtml
【整租】周浦 湾流青年国际社区 1室1厅,湾流青年国际社区,2500,http://sh.58.com/pinpaigongyu/28166837899567x.shtml
【整租】张江 湾流国际青年社区 1室1厅,【整租】张江,2900,http://sh.58.com/pinpaigongyu/28090335846715x.shtml
【整租】张江 湾流国际青年社区 1室1厅,【整租】张江,2900,http://sh.58.com/pinpaigongyu/28098566387910x.shtml
【整租】川沙 金厦苑 2室1厅,金厦苑,2600,http://sh.58.com/pinpaigongyu/28158879716684x.shtml
【整租】张江 湾流国际青年社区 1室1厅,【整租】张江,2900,http://sh.58.com/pinpaigongyu/28254290512554x.shtml
【整租】北桥区快 魔方公寓莲花南路 1室1厅,【整租】北桥区快,2400,http://sh.58.com/pinpaigongyu/28098518010154x.shtml
【整租】人民广场 平望小区 1室1厅,平望小区,3900,http://sh.58.com/pinpaigongyu/28260111968586x.shtml
【合租】川沙 新德小区 2室次卧,新德小区,2829,http://sh.58.com/pinpaigongyu/28132232367168x.shtml
【整租】潍坊新村 桐心公寓 1室1厅,【整租】潍坊新村,2200,http://sh.58.com/pinpaigongyu/28102695822266x.shtml
【整租】周浦 湾流青年国际社区 1室1厅,湾流青年国际社区,2500,http://sh.58.com/pinpaigongyu/28166837899567x.shtml
【整租】张江 湾流国际青年社区 1室1厅,【整租】张江,2900,http://sh.58.com/pinpaigongyu/28090335846715x.shtml
【合租】金沙江路 真北路 3室次卧,真北路,2180,http://sh.58.com/pinpaigongyu/28220783239095x.shtml
【整租】金桥 c9连锁公寓金桥 1室1厅,【整租】金桥,2500,http://sh.58.com/pinpaigongyu/28089946853949x.shtml
【整租】菊园新区 怡华家园 2室1厅,怡华家园,2800,http://sh.58.com/pinpaigongyu/27946011597228x.shtml
【合租】江湾 龙腾小区 3室次卧,龙腾小区,2458,http://sh.58.com/pinpaigongyu/28276268303799x.shtml
【整租】陆家嘴 桐心公寓 1室1厅,【整租】陆家嘴,2580,http://sh.58.com/pinpaigongyu/28144407965758x.shtml
【合租】漕河泾 华悦家园 1室主卧,华悦家园,2000,http://sh.58.com/pinpaigongyu/28232288609610x.shtml
【合租】万体馆 宏润花园 4室次卧,宏润花园,3690,http://sh.58.com/pinpaigongyu/28121955222593x.shtml
【整租】周浦 湾流青年国际社区 1室1厅,湾流青年国际社区,2600,http://sh.58.com/pinpaigongyu/28039346793928x.shtml
【整租】周浦 湾流青年国际社区 1室1厅,湾流青年国际社区,2200,http://sh.58.com/pinpaigongyu/28033940618818x.shtml
【整租】打浦桥 瞿中小区 1室1厅,瞿中小区,2530,http://sh.58.com/pinpaigongyu/28165196843317x.shtml
【整租】金桥 龙居大厦 1室1厅,龙居大厦,2250,http://sh.58.com/pinpaigongyu/28199694583995x.shtml
【整租】金桥 湾流国际青年社区 1室1厅,【整租】金桥,3600,http://sh.58.com/pinpaigongyu/28039465004972x.shtml
【整租】南京东路 桐心公寓 1室1厅,【整租】南京东路,2600,http://sh.58.com/pinpaigongyu/27902265754547x.shtml
【整租】周浦 湾流青年国际社区 1室1厅,湾流青年国际社区,2500,http://sh.58.com/pinpaigongyu/28187089395113x.shtml
【整租】华东理工 c9公寓 1室1厅,【整租】华东理工,2500,http://sh.58.com/pinpaigongyu/28099069050435x.shtml
【整租】金桥 湾流国际青年社区 1室1厅,【整租】金桥,2999,http://sh.58.com/pinpaigongyu/28068338210866x.shtml
【整租】金桥 湾流国际青年社区 1室1厅,【整租】金桥,3200,http://sh.58.com/pinpaigongyu/28076989636815x.shtml
【合租】五角场 国定路700弄 3室次卧,国定路700弄,2848,http://sh.58.com/pinpaigongyu/28276401218377x.shtml
【整租】周浦 湾流青年国际社区 1室1厅,湾流青年国际社区,2600,http://sh.58.com/pinpaigongyu/28255563688883x.shtml
【整租】大柏树 魔方公寓大柏树店 1室1厅,【整租】大柏树,3000,http://sh.58.com/pinpaigongyu/28123651168682x.shtml
【整租】周浦 周浦万达广场 1室1厅,周浦万达广场,2200,http://sh.58.com/pinpaigongyu/28208953807943x.shtml
【整租】马桥 银春苑 3室1厅,银春苑,3750,http://sh.58.com/pinpaigongyu/28101914392259x.shtml
【整租】世博滨江 德州一村 1室1厅,德州一村,2240,http://sh.58.com/pinpaigongyu/28265455370936x.shtml
【整租】武宁路 百合公寓 1室0厅,【整租】武宁路,3880,http://sh.58.com/pinpaigongyu/28167173219280x.shtml
【整租】周浦 周浦万达广场 1室1厅,周浦万达广场,2200,http://sh.58.com/pinpaigongyu/28166313695914x.shtml
【合租】西藏北路 联富假日公寓 4室次卧,【合租】西藏北路,3445,http://sh.58.com/pinpaigongyu/28198039064137x.shtml
【整租】惠南 惠康苑 4室1厅,惠康苑,3500,http://sh.58.com/pinpaigongyu/28178382359625x.shtml
【整租】杨行 宝启公寓 1室1厅,【整租】杨行,2680,http://sh.58.com/pinpaigongyu/27899975840075x.shtml
【整租】金桥 东兴华苑 1室1厅,东兴华苑,3999,http://sh.58.com/pinpaigongyu/28121279356493x.shtml
【整租】浦江 华侨城一期 1室1厅,华侨城一期,2520,http://sh.58.com/pinpaigongyu/28220995772216x.shtml
【整租】川沙 馨汇佳苑 3室1厅,馨汇佳苑,3800,http://sh.58.com/pinpaigongyu/28135211840318x.shtml
【整租】周浦 湾流青年国际社区 1室1厅,湾流青年国际社区,2200,http://sh.58.com/pinpaigongyu/28066935975872x.shtml
【整租】李子园 星云经济区 1室0厅,星云经济区,3200,http://sh.58.com/pinpaigongyu/28145265689787x.shtml
【整租】罗店 美罗家园润苑 2室1厅,美罗家园润苑,2400,http://sh.58.com/pinpaigongyu/27945809209292x.shtml
【合租】漕河泾 华悦家园 2室主卧,华悦家园,2000,http://sh.58.com/pinpaigongyu/28232122003753x.shtml
【整租】周浦 湾流青年国际社区 1室1厅,湾流青年国际社区,2500,http://sh.58.com/pinpaigongyu/28178855323707x.shtml
【整租】周浦 湾流青年国际社区 1室1厅,湾流青年国际社区,2200,http://sh.58.com/pinpaigongyu/28220230519493x.shtml
【整租】张江 湾流青年国际社区 1室1厅,湾流青年国际社区,2700,http://sh.58.com/pinpaigongyu/28011968174392x.shtml
【整租】蓬莱公园 西凌新村 1室1厅,西凌新村,3300,http://sh.58.com/pinpaigongyu/28270421382222x.shtml
【整租】罗店 宝欣苑二村 3室1厅,宝欣苑二村,2600,http://sh.58.com/pinpaigongyu/27869644858166x.shtml
【合租】王港 保集澜湾 4室主卧,保集澜湾,2350,http://sh.58.com/pinpaigongyu/28264846459077x.shtml
【整租】川沙 川北小区 2室1厅,川北小区,3000,http://sh.58.com/pinpaigongyu/28165498883014x.shtml
【整租】罗店 佳境苑 3室1厅,佳境苑,2100,http://sh.58.com/pinpaigongyu/28255577912639x.shtml
【整租】惠南 彩虹雅苑 3室1厅,彩虹雅苑,2800,http://sh.58.com/pinpaigongyu/28156761343661x.shtml
【整租】张江 湾流国际青年社区 1室1厅,【整租】张江,2700,http://sh.58.com/pinpaigongyu/28253207008683x.shtml
【合租】川沙 华川家园 3室次卧,华川家园,2022,http://sh.58.com/pinpaigongyu/28276245408828x.shtml
【整租】金杨新村 金芙苑 1室1厅,金芙苑,2250,http://sh.58.com/pinpaigongyu/28188837831863x.shtml
【整租】浦江 桐心公寓 1室1厅,【整租】浦江,2350,http://sh.58.com/pinpaigongyu/28012518340658x.shtml
【整租】洋泾 桐心公寓 1室1厅,【整租】洋泾,2250,http://sh.58.com/pinpaigongyu/28102848890029x.shtml
【整租】金桥 湾流国际青年社区 1室1厅,【整租】金桥,3086,http://sh.58.com/pinpaigongyu/28176236687296x.shtml
【整租】周浦 湾流青年国际社区 1室1厅,湾流青年国际社区,2500,http://sh.58.com/pinpaigongyu/28111049064492x.shtml
【整租】蓬莱公园 西凌新村 1室1厅,西凌新村,3300,http://sh.58.com/pinpaigongyu/28270421382222x.shtml
【整租】罗店 宝欣苑二村 3室1厅,宝欣苑二村,2600,http://sh.58.com/pinpaigongyu/27869644858166x.shtml
【合租】王港 保集澜湾 4室主卧,保集澜湾,2350,http://sh.58.com/pinpaigongyu/28264846459077x.shtml
【整租】川沙 川北小区 2室1厅,川北小区,3000,http://sh.58.com/pinpaigongyu/28165498883014x.shtml
【整租】罗店 佳境苑 3室1厅,佳境苑,2100,http://sh.58.com/pinpaigongyu/28255577912639x.shtml
【整租】惠南 彩虹雅苑 3室1厅,彩虹雅苑,2800,http://sh.58.com/pinpaigongyu/28156761343661x.shtml
【整租】张江 湾流国际青年社区 1室1厅,【整租】张江,2700,http://sh.58.com/pinpaigongyu/28253207008683x.shtml
【合租】川沙 华川家园 3室次卧,华川家园,2022,http://sh.58.com/pinpaigongyu/28276245408828x.shtml
【整租】金杨新村 金芙苑 1室1厅,金芙苑,2250,http://sh.58.com/pinpaigongyu/28188837831863x.shtml
【整租】浦江 桐心公寓 1室1厅,【整租】浦江,2350,http://sh.58.com/pinpaigongyu/28012518340658x.shtml
【整租】洋泾 桐心公寓 1室1厅,【整租】洋泾,2250,http://sh.58.com/pinpaigongyu/28102848890029x.shtml
【整租】金桥 湾流国际青年社区 1室1厅,【整租】金桥,3086,http://sh.58.com/pinpaigongyu/28176236687296x.shtml
【整租】周浦 湾流青年国际社区 1室1厅,湾流青年国际社区,2500,http://sh.58.com/pinpaigongyu/28111049064492x.shtml
【整租】张江 湾流国际青年社区 1室1厅,【整租】张江,2900,http://sh.58.com/pinpaigongyu/28116079116731x.shtml
【整租】金桥 莱金佳园 1室1厅,莱金佳园,2250,http://sh.58.com/pinpaigongyu/28166026651211x.shtml
【整租】金桥 湾流国际青年社区 1室1厅,【整租】金桥,3500,http://sh.58.com/pinpaigongyu/27868305618768x.shtml
【整租】浦江 桐心公寓 1室1厅,【整租】浦江,2688,http://sh.58.com/pinpaigongyu/27969804522410x.shtml
【整租】洋泾 中新公寓 1室1厅,【整租】洋泾,2580,http://sh.58.com/pinpaigongyu/28211461242424x.shtml
【整租】浦江 桐心公寓 1室1厅,【整租】浦江,2500,http://sh.58.com/pinpaigongyu/27999120959669x.shtml
【整租】浦江 湾流社区联航路 2室0厅,湾流社区联航路,3700,http://sh.58.com/pinpaigongyu/28033909429558x.shtml
【整租】五角场 湾流青年国际社区 1室1厅,湾流青年国际社区,3800,http://sh.58.com/pinpaigongyu/28231257339305x.shtml
【整租】老西门 南文大厦 1室1厅,南文大厦,2440,http://sh.58.com/pinpaigongyu/28222107963571x.shtml
【整租】南京东路 桐心公寓 1室1厅,【整租】南京东路,2500,http://sh.58.com/pinpaigongyu/27902250639790x.shtml
【整租】闸北周边 延长小区 1室1厅,延长小区,3500,http://sh.58.com/pinpaigongyu/28091488875575x.shtml
【合租】漕河泾 华悦家园 1室主卧,华悦家园,3000,http://sh.58.com/pinpaigongyu/28244679997384x.shtml
【整租】唐镇 唐巢高科坊(高科 1室1厅,唐巢高科坊(高科,2500,http://sh.58.com/pinpaigongyu/28275088267208x.shtml
【整租】罗店 金丰苑 2室1厅,金丰苑,2300,http://sh.58.com/pinpaigongyu/28100349458622x.shtml
【整租】周浦 周浦万达广场 1室1厅,周浦万达广场,2200,http://sh.58.com/pinpaigongyu/28144093227719x.shtml
【整租】共富新村 共富二村 1室1厅,共富二村,3000,http://sh.58.com/pinpaigongyu/27437520048454x.shtml
【整租】上南 桐心公寓 1室1厅,【整租】上南,2800,http://sh.58.com/pinpaigongyu/28045775311159x.shtml
【整租】北桥区快 魔方公寓莲花南路 1室1厅,【整租】北桥区快,2400,http://sh.58.com/pinpaigongyu/28098560972746x.shtml
【整租】金桥 桐心公寓 1室1厅,【整租】金桥,3000,http://sh.58.com/pinpaigongyu/28105042031919x.shtml
【整租】陆家嘴 桐心公寓 1室1厅,【整租】陆家嘴,2300,http://sh.58.com/pinpaigongyu/28104203655598x.shtml
【整租】杨行 宝启公寓 1室1厅,【整租】杨行,2600,http://sh.58.com/pinpaigongyu/27900036042422x.shtml
【整租】浦江 湾流国际青年社区 1室1厅,【整租】浦江,2400,http://sh.58.com/pinpaigongyu/28144252807482x.shtml
【整租】金桥 湾流国际青年社区 1室1厅,【整租】金桥,3000,http://sh.58.com/pinpaigongyu/28143800493496x.shtml
【整租】金桥 湾流国际青年社区 1室1厅,【整租】金桥,2990,http://sh.58.com/pinpaigongyu/28043561039406x.shtml
【整租】闸北周边 延长小区 1室1厅,延长小区,4000,http://sh.58.com/pinpaigongyu/27855361614273x.shtml
【合租】古美罗阳 中友嘉园 2室主卧,中友嘉园,2200,http://sh.58.com/pinpaigongyu/28267050620085x.shtml
【整租】金桥 湾流国际青年社区 1室1厅,【整租】金桥,3099,http://sh.58.com/pinpaigongyu/28076948096833x.shtml
【整租】周浦 湾流青年国际社区 1室1厅,湾流青年国际社区,2500,http://sh.58.com/pinpaigongyu/28067433394506x.shtml
【整租】华东理工 c9公寓 1室1厅,【整租】华东理工,2600,http://sh.58.com/pinpaigongyu/28010500938803x.shtml
【整租】周浦 周浦万达广场 1室1厅,周浦万达广场,2200,http://sh.58.com/pinpaigongyu/28165728261815x.shtml
【整租】张江 湾流国际青年社区 1室1厅,【整租】张江,3700,http://sh.58.com/pinpaigongyu/28023072676268x.shtml
【合租】漕河泾 东方康洛 2室主卧,东方康洛,2000,http://sh.58.com/pinpaigongyu/28246767112643x.shtml
【整租】张江 湾流国际青年社区 1室1厅,【整租】张江,2900,http://sh.58.com/pinpaigongyu/28123221458508x.shtml
【整租】菊园新区 新城枫景苑 3室1厅,新城枫景苑,3700,http://sh.58.com/pinpaigongyu/27858589950915x.shtml
【整租】川沙 月亮湾园 2室1厅,月亮湾园,2600,http://sh.58.com/pinpaigongyu/28159106576446x.shtml
【整租】浦江 桐心公寓 1室1厅,【整租】浦江,2240,http://sh.58.com/pinpaigongyu/27980861589051x.shtml
【整租】周浦 周浦万达广场 1室1厅,周浦万达广场,2180,http://sh.58.com/pinpaigongyu/28198492372170x.shtml
【整租】虹口足球场 广灵二路商业街3 1室1厅,广灵二路商业街3,3500,http://sh.58.com/pinpaigongyu/28066094206521x.shtml
【整租】罗店 美罗家园润苑 3室1厅,美罗家园润苑,3100,http://sh.58.com/pinpaigongyu/27934535308331x.shtml
【整租】人民广场 同春坊 1室1厅,同春坊,3180,http://sh.58.com/pinpaigongyu/28264578487881x.shtml
【整租】李子园 星云经济区 1室0厅,星云经济区,2850,http://sh.58.com/pinpaigongyu/28176499551809x.shtml
【整租】金桥 湾流国际青年社区 1室1厅,【整租】金桥,3098,http://sh.58.com/pinpaigongyu/28088407128912x.shtml
【整租】张江 湾流国际青年社区 1室1厅,【整租】张江,2900,http://sh.58.com/pinpaigongyu/28115325482940x.shtml
【整租】浦江 湾流社区联航路 1室1厅,湾流社区联航路,2500,http://sh.58.com/pinpaigongyu/27777327753540x.shtml
【整租】金桥 湾流国际青年社区 1室1厅,【整租】金桥,3500,http://sh.58.com/pinpaigongyu/27856052046893x.shtml
【合租】漕河泾 华悦家园 2室次卧,华悦家园,2300,http://sh.58.com/pinpaigongyu/28191373353915x.shtml
【整租】李子园 星云经济区 1室0厅,星云经济区,2850,http://sh.58.com/pinpaigongyu/28132597711030x.shtml
【整租】嘉定城区 万科悦城 2室1厅,万科悦城,2600,http://sh.58.com/pinpaigongyu/27988141369542x.shtml
【整租】九亭 紫金花园 1室1厅,紫金花园,3500,http://sh.58.com/pinpaigongyu/27782783557422x.shtml
【整租】惠南 彩虹雅苑 2室1厅,彩虹雅苑,2300,http://sh.58.com/pinpaigongyu/28224030409422x.shtml
【整租】川沙 东绣苑 2室1厅,东绣苑,2400,http://sh.58.com/pinpaigongyu/28165256377417x.shtml
【整租】虹口足球场 广灵二路商业街3 1室1厅,广灵二路商业街3,3500,http://sh.58.com/pinpaigongyu/28055877606973x.shtml
【整租】罗店 宝欣苑二村 2室1厅,宝欣苑二村,2300,http://sh.58.com/pinpaigongyu/28045233267897x.shtml
【整租】颛桥 馨香酒店式公寓 3室1厅,【整租】颛桥,2668,http://sh.58.com/pinpaigongyu/28078164978094x.shtml
【整租】张江 湾流青年国际社区 1室1厅,湾流青年国际社区,3900,http://sh.58.com/pinpaigongyu/28011003858365x.shtml
【整租】浦江 湾流社区联航路 1室1厅,湾流社区联航路,2300,http://sh.58.com/pinpaigongyu/27999825598917x.shtml
【整租】唐镇 唐巢高科坊(高科 1室1厅,唐巢高科坊(高科,2500,http://sh.58.com/pinpaigongyu/28245850128958x.shtml
【整租】静安寺 景华新村 1室1厅,景华新村,3850,http://sh.58.com/pinpaigongyu/28155974978222x.shtml
【整租】周浦 湾流青年国际社区 1室1厅,湾流青年国际社区,2200,http://sh.58.com/pinpaigongyu/28039191224396x.shtml
【整租】潍坊新村 潍坊一村 1室1厅,潍坊一村,2600,http://sh.58.com/pinpaigongyu/28189921558700x.shtml
【整租】月浦 阳光美林 2室1厅,阳光美林,2700,http://sh.58.com/pinpaigongyu/27847596137009x.shtml
【整租】金桥 桐心公寓 1室1厅,【整租】金桥,2250,http://sh.58.com/pinpaigongyu/28122035715242x.shtml
【整租】闸北周边 延长小区 1室1厅,延长小区,3000,http://sh.58.com/pinpaigongyu/27855488907955x.shtml
【整租】周浦 湾流青年国际社区 1室1厅,湾流青年国际社区,2500,http://sh.58.com/pinpaigongyu/28057063024689x.shtml
【整租】金桥 湾流国际青年社区 1室1厅,【整租】金桥,3202,http://sh.58.com/pinpaigongyu/28109880286907x.shtml
【整租】唐镇 幸福里 1室1厅,幸福里,3250,http://sh.58.com/pinpaigongyu/28244670709195x.shtml
【整租】三林 凌兆佳苑 1室1厅,凌兆佳苑,2250,http://sh.58.com/pinpaigongyu/28168073940138x.shtml
【整租】金桥 桐心公寓 1室1厅,【整租】金桥,2250,http://sh.58.com/pinpaigongyu/28122035715242x.shtml
【整租】闸北周边 延长小区 1室1厅,延长小区,3000,http://sh.58.com/pinpaigongyu/27855488907955x.shtml
【整租】周浦 湾流青年国际社区 1室1厅,湾流青年国际社区,2500,http://sh.58.com/pinpaigongyu/28057063024689x.shtml
【整租】金桥 湾流国际青年社区 1室1厅,【整租】金桥,3202,http://sh.58.com/pinpaigongyu/28109880286907x.shtml
【整租】唐镇 幸福里 1室1厅,幸福里,3250,http://sh.58.com/pinpaigongyu/28244670709195x.shtml
【整租】三林 凌兆佳苑 1室1厅,凌兆佳苑,2250,http://sh.58.com/pinpaigongyu/28168073940138x.shtml
【整租】周浦 湾流青年国际社区 1室1厅,湾流青年国际社区,2600,http://sh.58.com/pinpaigongyu/28099287855793x.shtml
【整租】金杨新村 德乐苑 1室1厅,德乐苑,2300,http://sh.58.com/pinpaigongyu/28211496441900x.shtml
【整租】高境 atway遇道 1室1厅,atway遇道,3000,http://sh.58.com/pinpaigongyu/28242661892942x.shtml
【整租】罗店 金丰苑 3室1厅,金丰苑,2800,http://sh.58.com/pinpaigongyu/28176289726410x.shtml
【整租】周浦 湾流青年国际社区 1室1厅,湾流青年国际社区,2200,http://sh.58.com/pinpaigongyu/28275360916937x.shtml
【合租】大华路 梧桐城邦三期 1室主卧,梧桐城邦三期,2000,http://sh.58.com/pinpaigongyu/28235272298561x.shtml
【整租】三林 桐心公寓 1室1厅,【整租】三林,2640,http://sh.58.com/pinpaigongyu/28099133588524x.shtml
【整租】杨行 宝启公寓 1室1厅,【整租】杨行,2580,http://sh.58.com/pinpaigongyu/28132080345023x.shtml
【整租】徐泾 龙联路208弄 1室0厅,龙联路208弄,3100,http://sh.58.com/pinpaigongyu/27866650664508x.shtml
【整租】金桥 金桥名都 1室1厅,金桥名都,2250,http://sh.58.com/pinpaigongyu/28176801300138x.shtml
【合租】莘庄 奥赛花园 5室主卧,奥赛花园,2500,http://sh.58.com/pinpaigongyu/28265151189325x.shtml
【整租】金桥 湾流国际青年社区 1室1厅,【整租】金桥,3500,http://sh.58.com/pinpaigongyu/27856134972870x.shtml
【合租】龙华 澳龙公寓 2室主卧,【合租】龙华,2380,http://sh.58.com/pinpaigongyu/28247325641797x.shtml
【合租】龙华 住友公寓 3室次卧,【合租】龙华,3290,http://sh.58.com/pinpaigongyu/27868558303922x.shtml
【整租】安亭 魔方公寓汽车城 1室0厅,【整租】安亭,2000,http://sh.58.com/pinpaigongyu/28109517633729x.shtml
【合租】上海大学 锦秋花园 5室主卧,锦秋花园,2200,http://sh.58.com/pinpaigongyu/27783800655544x.shtml
【合租】康建 金桂苑徐汇 1室主卧,金桂苑徐汇,2000,http://sh.58.com/pinpaigongyu/28247827413162x.shtml
【整租】川沙 华川家园 3室1厅,华川家园,2690,http://sh.58.com/pinpaigongyu/28255236132421x.shtml
【合租】万体馆 申达利宏大楼 3室主卧,申达利宏大楼,3690,http://sh.58.com/pinpaigongyu/28055150689728x.shtml
【合租】淞宝 宝林六村 2室次卧,宝林六村,2416,http://sh.58.com/pinpaigongyu/27934403130684x.shtml
【整租】罗店 佳翔苑 3室1厅,佳翔苑,2100,http://sh.58.com/pinpaigongyu/28222926666702x.shtml
【整租】金桥 湾流国际青年社区 1室1厅,【整租】金桥,3018,http://sh.58.com/pinpaigongyu/28101418824619x.shtml
【合租】上海大学 慧华东苑 3室主卧,慧华东苑,2225,http://sh.58.com/pinpaigongyu/27777968043326x.shtml
【整租】虹口足球场 魔方公寓广灵二路 1室1厅,【整租】虹口足球场,3500,http://sh.58.com/pinpaigongyu/27933845698356x.shtml
【整租】闸北周边 延长小区 1室1厅,延长小区,3500,http://sh.58.com/pinpaigongyu/28043104852526x.shtml
【整租】金杨新村 桐心公寓 1室1厅,【整租】金杨新村,2200,http://sh.58.com/pinpaigongyu/28102578159824x.shtml
【整租】金杨新村 桐心公寓 1室1厅,【整租】金杨新村,2000,http://sh.58.com/pinpaigongyu/28110522735923x.shtml
【整租】周浦 湾流青年国际社区 1室1厅,湾流青年国际社区,2200,http://sh.58.com/pinpaigongyu/28243074466223x.shtml
【整租】金桥 湾流国际青年社区 1室1厅,【整租】金桥,3088,http://sh.58.com/pinpaigongyu/28176273651920x.shtml
【整租】北桥区快 魔方公寓莲花南路 1室1厅,【整租】北桥区快,2380,http://sh.58.com/pinpaigongyu/28021534767687x.shtml
【整租】漕河泾 永兆豪庭 1室0厅,永兆豪庭,2300,http://sh.58.com/pinpaigongyu/28201123672879x.shtml
【整租】张江 湾流国际青年社区 1室1厅,【整租】张江,2900,http://sh.58.com/pinpaigongyu/28068274649928x.shtml
【整租】金桥 湾流国际青年社区 1室1厅,【整租】金桥,3000,http://sh.58.com/pinpaigongyu/28057140261192x.shtml
【整租】惠南 惠康苑 2室1厅,惠康苑,2500,http://sh.58.com/pinpaigongyu/28113207795388x.shtml
【整租】川沙 运河小区 2室1厅,运河小区,3000,http://sh.58.com/pinpaigongyu/27858066929738x.shtml
【整租】惠南 艺泰一品花园 4室1厅,艺泰一品花园,4000,http://sh.58.com/pinpaigongyu/28147251628343x.shtml
【合租】漕河泾 华悦家园 1室主卧,华悦家园,2000,http://sh.58.com/pinpaigongyu/28232218502346x.shtml
【整租】金桥 桐心公寓 1室1厅,【整租】金桥,2300,http://sh.58.com/pinpaigongyu/28104871741643x.shtml
【整租】周浦 周浦万达广场 1室1厅,周浦万达广场,2180,http://sh.58.com/pinpaigongyu/28154092975787x.shtml
【合租】宜川路 合阳小区 3室主卧,合阳小区,2989,http://sh.58.com/pinpaigongyu/28012855254206x.shtml
【整租】周浦 湾流青年国际社区 1室1厅,湾流青年国际社区,2500,http://sh.58.com/pinpaigongyu/28039459041478x.shtml
【合租】上海大学 锦秋花园 4室次卧,锦秋花园,2000,http://sh.58.com/pinpaigongyu/28246007069634x.shtml
【整租】徐泾 龙联路208弄 2室1厅,龙联路208弄,3150,http://sh.58.com/pinpaigongyu/27900497524802x.shtml
【合租】万体馆 江南裕德大厦 3室次卧,江南裕德大厦,2974,http://sh.58.com/pinpaigongyu/28275735206210x.shtml
【合租】漕河泾 华悦家园 2室主卧,华悦家园,2100,http://sh.58.com/pinpaigongyu/28247144058184x.shtml
【整租】金杨新村 金杨金台苑 1室1厅,金杨金台苑,4000,http://sh.58.com/pinpaigongyu/28043219978922x.shtml
【整租】周浦 湾流青年国际社区 1室1厅,湾流青年国际社区,2500,http://sh.58.com/pinpaigongyu/28056564577961x.shtml
【合租】大宁路 明园森林都市三期 4室次卧,明园森林都市三期,2300,http://sh.58.com/pinpaigongyu/27968650859695x.shtml
【合租】张江 张江公馆 4室次卧,张江公馆,2280,http://sh.58.com/pinpaigongyu/28146311766724x.shtml
【整租】碧云 桐心公寓 1室1厅,【整租】碧云,2350,http://sh.58.com/pinpaigongyu/28133804070224x.shtml
【整租】五角场 湾流青年国际社区 1室1厅,湾流青年国际社区,4000,http://sh.58.com/pinpaigongyu/28242756866240x.shtml
【整租】金杨新村 点睛苑 1室1厅,点睛苑,2350,http://sh.58.com/pinpaigongyu/28212867436237x.shtml
【整租】周浦 湾流青年国际社区 1室1厅,湾流青年国际社区,2500,http://sh.58.com/pinpaigongyu/27780739833163x.shtml
【整租】金桥 湾流国际青年社区 1室1厅,【整租】金桥,3188,http://sh.58.com/pinpaigongyu/27946622223023x.shtml
【整租】杨行 宝启公寓 1室1厅,【整租】杨行,2680,http://sh.58.com/pinpaigongyu/27899974469312x.shtml
【合租】金桥 海韵茗庭 3室主卧,海韵茗庭,2000,http://sh.58.com/pinpaigongyu/28112651082828x.shtml
【合租】老闵行 东苑佳和园 3室主卧,东苑佳和园,2289,http://sh.58.com/pinpaigongyu/28120593893805x.shtml
【整租】金桥 纬度服务公寓 1室1厅,【整租】金桥,2700,http://sh.58.com/pinpaigongyu/28076813263028x.shtml
【整租】张江 湾流国际青年社区 1室1厅,【整租】张江,2900,http://sh.58.com/pinpaigongyu/27984579444170x.shtml
【整租】人民广场 协和里 1室1厅,协和里,2450,http://sh.58.com/pinpaigongyu/28220493983914x.shtml
【合租】唐镇 幸福里 3室次卧,幸福里,2177,http://sh.58.com/pinpaigongyu/28079687103659x.shtml
【整租】周家嘴路 荣丰花园 1室1厅,荣丰花园,2200,http://sh.58.com/pinpaigongyu/28123940801333x.shtml
【整租】唐镇 唐丰苑 1室1厅,唐丰苑,3700,http://sh.58.com/pinpaigongyu/28246146924736x.shtml
【整租】嘉定城区 万科悦城 3室1厅,万科悦城,3600,http://sh.58.com/pinpaigongyu/28145800432950x.shtml
【合租】龙华 明佳苑 3室次卧,明佳苑,3450,http://sh.58.com/pinpaigongyu/27990342617269x.shtml
【整租】周浦 湾流青年国际社区 1室1厅,湾流青年国际社区,2200,http://sh.58.com/pinpaigongyu/28025212093753x.shtml
【整租】华东理工 C9公寓 1室1厅,【整租】华东理工,2600,http://sh.58.com/pinpaigongyu/28157126807489x.shtml
【整租】金桥 湾流国际青年社区 1室1厅,【整租】金桥,2989,http://sh.58.com/pinpaigongyu/28065220013997x.shtml
【整租】武宁路 百合公寓 1室0厅,【整租】武宁路,2580,http://sh.58.com/pinpaigongyu/28099743494442x.shtml
【整租】大柏树 中山北一路120 1室1厅,中山北一路120,3200,http://sh.58.com/pinpaigongyu/27955620416188x.shtml
【整租】共富新村 共富一村 1室1厅,共富一村,2600,http://sh.58.com/pinpaigongyu/27811501707855x.shtml
【整租】金桥 湾流国际青年社区 1室1厅,【整租】金桥,4000,http://sh.58.com/pinpaigongyu/27823351943354x.shtml
【整租】张江 魔方公寓张江 1室1厅,【整租】张江,3032,http://sh.58.com/pinpaigongyu/28169573976115x.shtml
【整租】三林 桐心公寓 1室1厅,【整租】三林,2000,http://sh.58.com/pinpaigongyu/28132209283887x.shtml
【整租】大柏树 中山北一路120 1室1厅,中山北一路120,3200,http://sh.58.com/pinpaigongyu/27955620416188x.shtml
【整租】共富新村 共富一村 1室1厅,共富一村,2600,http://sh.58.com/pinpaigongyu/27811501707855x.shtml
【整租】金桥 湾流国际青年社区 1室1厅,【整租】金桥,4000,http://sh.58.com/pinpaigongyu/27823351943354x.shtml
【整租】张江 魔方公寓张江 1室1厅,【整租】张江,3032,http://sh.58.com/pinpaigongyu/28169573976115x.shtml
【整租】三林 桐心公寓 1室1厅,【整租】三林,2000,http://sh.58.com/pinpaigongyu/28132209283887x.shtml
【整租】金桥 博兴小区 1室1厅,博兴小区,2250,http://sh.58.com/pinpaigongyu/28187971728068x.shtml
【整租】金桥 c9连锁公寓金桥 1室1厅,【整租】金桥,3000,http://sh.58.com/pinpaigongyu/28211103319217x.shtml
【合租】田林 万科华尔兹花园 1室主卧,万科华尔兹花园,2550,http://sh.58.com/pinpaigongyu/28276192969798x.shtml
【整租】惠南 德盈佳苑 2室1厅,德盈佳苑,2200,http://sh.58.com/pinpaigongyu/28087712960585x.shtml
【整租】杨行 宝启公寓 1室1厅,【整租】杨行,2680,http://sh.58.com/pinpaigongyu/27899998066986x.shtml
【整租】浦江 湾流社区联航路 1室1厅,湾流社区联航路,2400,http://sh.58.com/pinpaigongyu/28079059186858x.shtml
【整租】川沙 城南路229弄 2室1厅,城南路229弄,3100,http://sh.58.com/pinpaigongyu/28145651546698x.shtml
【整租】安亭 魔方公寓汽车城 1室0厅,【整租】安亭,2000,http://sh.58.com/pinpaigongyu/27811807534764x.shtml
【合租】田林 华尔兹花园 2室次卧,华尔兹花园,2300,http://sh.58.com/pinpaigongyu/28191879323957x.shtml
【整租】武宁路 绿洲广场 1室0厅,绿洲广场,2580,http://sh.58.com/pinpaigongyu/28112396958287x.shtml
【整租】张江 湾流国际青年社区 1室1厅,【整租】张江,2900,http://sh.58.com/pinpaigongyu/28178592202421x.shtml
【整租】张庙 城投世纪名城 1室1厅,城投世纪名城,2680,http://sh.58.com/pinpaigongyu/28168965921098x.shtml
【整租】金桥 湾流国际青年社区 1室1厅,【整租】金桥,3299,http://sh.58.com/pinpaigongyu/28056272272206x.shtml
【整租】金桥 金新花苑 1室1厅,金新花苑,2250,http://sh.58.com/pinpaigongyu/28167021865538x.shtml
【整租】杨行 宝启公寓 1室1厅,【整租】杨行,2680,http://sh.58.com/pinpaigongyu/27899972172992x.shtml
【整租】浦江 一品漫城 1室1厅,一品漫城,2600,http://sh.58.com/pinpaigongyu/28166312205245x.shtml
【整租】蓬莱公园 冠浦花园 1室1厅,冠浦花园,2500,http://sh.58.com/pinpaigongyu/28275447921604x.shtml
【整租】马陆 金沙湾绿地和苑 3室1厅,金沙湾绿地和苑,3950,http://sh.58.com/pinpaigongyu/28154575485245x.shtml
【整租】浦江 湾流社区联航路 1室1厅,湾流社区联航路,2400,http://sh.58.com/pinpaigongyu/28144650471727x.shtml
【整租】潍坊新村 桐心公寓 1室1厅,【整租】潍坊新村,2200,http://sh.58.com/pinpaigongyu/28102746462398x.shtml
【整租】华东理工 C9公寓 1室1厅,【整租】华东理工,3500,http://sh.58.com/pinpaigongyu/28177268934707x.shtml
【整租】北桥区快 魔方公寓莲花南路 1室0厅,【整租】北桥区快,2524,http://sh.58.com/pinpaigongyu/27978986407241x.shtml
【整租】川沙 馨汇佳苑 3室1厅,馨汇佳苑,3000,http://sh.58.com/pinpaigongyu/28165505738044x.shtml
【整租】金桥 湾流国际青年社区 1室1厅,【整租】金桥,3099,http://sh.58.com/pinpaigongyu/28057193026095x.shtml
【整租】金桥 湾流国际青年社区 1室1厅,【整租】金桥,2990,http://sh.58.com/pinpaigongyu/28033742361155x.shtml
【整租】安亭 金都安亭家园 3室1厅,金都安亭家园,3500,http://sh.58.com/pinpaigongyu/28256348409536x.shtml
【整租】虹口足球场 广灵二路商业街3 1室1厅,广灵二路商业街3,3500,http://sh.58.com/pinpaigongyu/28176642148937x.shtml
【合租】高境 三门路485弄 3室次卧,三门路485弄,2000,http://sh.58.com/pinpaigongyu/27790462852921x.shtml
【整租】金杨新村 金台三居 1室1厅,金台三居,3200,http://sh.58.com/pinpaigongyu/27982408768973x.shtml
【整租】张江 湾流国际青年社区 1室1厅,【整租】张江,2900,http://sh.58.com/pinpaigongyu/28221110281897x.shtml
【整租】张江 湾流国际青年社区 1室1厅,【整租】张江,2700,http://sh.58.com/pinpaigongyu/28253747629868x.shtml
【整租】金桥 湾流国际青年社区 1室1厅,【整租】金桥,2989,http://sh.58.com/pinpaigongyu/28021633168450x.shtml
【合租】新华路 虹桥中山广场 3室次卧,虹桥中山广场,2990,http://sh.58.com/pinpaigongyu/28279351730230x.shtml
【整租】周浦 湾流青年国际社区 1室1厅,湾流青年国际社区,2500,http://sh.58.com/pinpaigongyu/28205195441342x.shtml
【整租】川沙 馨汇佳苑 2室1厅,馨汇佳苑,2400,http://sh.58.com/pinpaigongyu/28158575089705x.shtml
【整租】西藏南路 桐心公寓 1室1厅,【整租】西藏南路,2000,http://sh.58.com/pinpaigongyu/28116942170559x.shtml
【整租】金桥 桐心公寓 1室1厅,【整租】金桥,2399,http://sh.58.com/pinpaigongyu/27912836850376x.shtml
【整租】金桥 东坡苑 1室1厅,东坡苑,2250,http://sh.58.com/pinpaigongyu/28177464896321x.shtml
【整租】菊园新区 柳湖景庭 2室1厅,柳湖景庭,2500,http://sh.58.com/pinpaigongyu/28024846870079x.shtml
【整租】金桥 北小区 1室1厅,北小区,2250,http://sh.58.com/pinpaigongyu/28177502786250x.shtml
【整租】金桥 桐心公寓 1室1厅,【整租】金桥,2300,http://sh.58.com/pinpaigongyu/27902579893189x.shtml
【整租】人民广场 协和里 1室1厅,协和里,2480,http://sh.58.com/pinpaigongyu/28220474173619x.shtml
【整租】上海大学 湾流国际青年社区 1室1厅,【整租】上海大学,3000,http://sh.58.com/pinpaigongyu/28189730875462x.shtml
【整租】高境 atway遇道 1室1厅,atway遇道,3200,http://sh.58.com/pinpaigongyu/28236367387309x.shtml
【整租】金桥 湾流国际青年社区 1室1厅,【整租】金桥,2999,http://sh.58.com/pinpaigongyu/27958305372864x.shtml
【整租】上海大学 聚丰景都 2室1厅,聚丰景都,3700,http://sh.58.com/pinpaigongyu/28079176078413x.shtml
【整租】张江 湾流国际青年社区 1室1厅,【整租】张江,2900,http://sh.58.com/pinpaigongyu/28276270823246x.shtml
【整租】老西门 桐心公寓 1室1厅,【整租】老西门,2090,http://sh.58.com/pinpaigongyu/28116976564539x.shtml
【合租】曹家渡 京元苑 3室次卧,京元苑,2550,http://sh.58.com/pinpaigongyu/27868094456885x.shtml
【整租】金桥 东陆新村 1室1厅,东陆新村,2250,http://sh.58.com/pinpaigongyu/28166929805630x.shtml
【整租】华东理工 c9公寓 1室1厅,【整租】华东理工,3000,http://sh.58.com/pinpaigongyu/28011495570476x.shtml
【整租】三林 桐心公寓 1室1厅,【整租】三林,2500,http://sh.58.com/pinpaigongyu/27888500665259x.shtml
【整租】浦江 桐心公寓 1室1厅,【整租】浦江,2288,http://sh.58.com/pinpaigongyu/27955644647979x.shtml
【整租】浦江 湾流社区联航路 1室1厅,湾流社区联航路,2400,http://sh.58.com/pinpaigongyu/28246253928256x.shtml
【整租】张江 湾流国际青年社区 1室1厅,【整租】张江,2700,http://sh.58.com/pinpaigongyu/28279440225733x.shtml
【整租】金桥 东陆新村 1室1厅,东陆新村,2250,http://sh.58.com/pinpaigongyu/28166929805630x.shtml
【整租】华东理工 c9公寓 1室1厅,【整租】华东理工,3000,http://sh.58.com/pinpaigongyu/28011495570476x.shtml
【整租】三林 桐心公寓 1室1厅,【整租】三林,2500,http://sh.58.com/pinpaigongyu/27888500665259x.shtml
【整租】浦江 桐心公寓 1室1厅,【整租】浦江,2288,http://sh.58.com/pinpaigongyu/27955644647979x.shtml
【整租】浦江 湾流社区联航路 1室1厅,湾流社区联航路,2400,http://sh.58.com/pinpaigongyu/28246253928256x.shtml
【整租】张江 湾流国际青年社区 1室1厅,【整租】张江,2700,http://sh.58.com/pinpaigongyu/28279440225733x.shtml
【整租】周浦 湾流青年国际社区 1室1厅,湾流青年国际社区,2200,http://sh.58.com/pinpaigongyu/28243010116934x.shtml
【整租】张庙 城投世纪名城 1室1厅,城投世纪名城,2580,http://sh.58.com/pinpaigongyu/28168956187344x.shtml
【整租】洋泾 桐心公寓 1室1厅,【整租】洋泾,2350,http://sh.58.com/pinpaigongyu/28122164996934x.shtml
【合租】康建 金桂苑徐汇 1室主卧,金桂苑徐汇,2800,http://sh.58.com/pinpaigongyu/28190309968975x.shtml
【整租】安亭 魔方公寓汽车城 1室0厅,【整租】安亭,2000,http://sh.58.com/pinpaigongyu/27824338554815x.shtml
【整租】金沙江路 湾流社区华东师大 1室1厅,湾流社区华东师大,3900,http://sh.58.com/pinpaigongyu/28024387444276x.shtml
【整租】金桥 荷一小区 1室1厅,荷一小区,2250,http://sh.58.com/pinpaigongyu/28177258909619x.shtml
【整租】张江 湾流国际青年社区 1室1厅,【整租】张江,3700,http://sh.58.com/pinpaigongyu/28088378133312x.shtml
【整租】老西门 南文大厦 1室1厅,南文大厦,2400,http://sh.58.com/pinpaigongyu/28222136736840x.shtml
【整租】川沙 华川家园 3室1厅,华川家园,3800,http://sh.58.com/pinpaigongyu/28057160928566x.shtml
【整租】高境 atway遇道 1室0厅,atway遇道,3200,http://sh.58.com/pinpaigongyu/28111943753279x.shtml
【整租】共富新村 共富二村 1室1厅,共富二村,3000,http://sh.58.com/pinpaigongyu/27437517409607x.shtml
【整租】老西门 桐心公寓 1室1厅,【整租】老西门,2400,http://sh.58.com/pinpaigongyu/27845275119054x.shtml
【合租】田林 田林六村 2室主卧,田林六村,2350,http://sh.58.com/pinpaigongyu/28244515362493x.shtml
【整租】周浦 湾流青年国际社区 1室1厅,湾流青年国际社区,2200,http://sh.58.com/pinpaigongyu/28055061286189x.shtml
【整租】闸北周边 延长小区 1室1厅,延长小区,3500,http://sh.58.com/pinpaigongyu/27934443677001x.shtml
【整租】金杨新村 艾山新村 1室1厅,艾山新村,2500,http://sh.58.com/pinpaigongyu/28234657765944x.shtml
【整租】北桥区快 魔方公寓莲花南路 1室1厅,【整租】北桥区快,2100,http://sh.58.com/pinpaigongyu/28109621381315x.shtml
【整租】上海植物园 C9连锁公寓 1室1厅,【整租】上海植物园,2200,http://sh.58.com/pinpaigongyu/28267361177024x.shtml
【整租】周浦 c9公寓 1室1厅,【整租】周浦,2200,http://sh.58.com/pinpaigongyu/28013630960681x.shtml
【整租】张江 湾流国际青年社区 1室1厅,【整租】张江,2900,http://sh.58.com/pinpaigongyu/28222453651398x.shtml
【整租】金沙江路 湾流社区华东师大 1室1厅,湾流社区华东师大,3900,http://sh.58.com/pinpaigongyu/28032356149303x.shtml
【整租】川沙 上浦小区 4室2厅,上浦小区,3789,http://sh.58.com/pinpaigongyu/28267530096463x.shtml
【整租】北桥区快 魔方公寓莲花南路 1室0厅,【整租】北桥区快,2200,http://sh.58.com/pinpaigongyu/28033715850296x.shtml
【整租】张江 湾流国际青年社区 1室1厅,【整租】张江,2700,http://sh.58.com/pinpaigongyu/27933802050605x.shtml
【整租】周浦 湾流青年国际社区 1室1厅,湾流青年国际社区,2200,http://sh.58.com/pinpaigongyu/27835919430969x.shtml
【整租】塘桥 东源大厦 1室1厅,东源大厦,2620,http://sh.58.com/pinpaigongyu/28222254656557x.shtml
【整租】五角场 湾流青年国际社区 1室1厅,湾流青年国际社区,4000,http://sh.58.com/pinpaigongyu/28242739198149x.shtml
【整租】陆家嘴 松山小区 1室1厅,松山小区,2250,http://sh.58.com/pinpaigongyu/28231212886223x.shtml
【整租】上海大学 湾流国际青年社区 1室1厅,【整租】上海大学,2800,http://sh.58.com/pinpaigongyu/28121225649467x.shtml
【整租】嘉定新城 永盛公寓 8室1厅,【整租】嘉定新城,2500,http://sh.58.com/pinpaigongyu/28276777924270x.shtml
【整租】张江 湾流国际青年社区 1室1厅,【整租】张江,2900,http://sh.58.com/pinpaigongyu/28275543391931x.shtml
【整租】浦江 湾流社区联航路 1室1厅,湾流社区联航路,2600,http://sh.58.com/pinpaigongyu/28143776673326x.shtml
【整租】徐家汇 桐心公寓 1室1厅,【整租】徐家汇,2600,http://sh.58.com/pinpaigongyu/28043046261319x.shtml
【整租】川沙 临丰小区 3室1厅,临丰小区,3300,http://sh.58.com/pinpaigongyu/28166934878264x.shtml
【整租】北桥区快 魔方公寓莲花南路 1室1厅,【整租】北桥区快,2000,http://sh.58.com/pinpaigongyu/28187471636271x.shtml
【整租】金桥 金桥瑞邑 1室1厅,金桥瑞邑,2600,http://sh.58.com/pinpaigongyu/28211003873340x.shtml
【整租】罗店 金丰苑 3室1厅,金丰苑,2100,http://sh.58.com/pinpaigongyu/28231415479853x.shtml
【合租】洋泾 中星张扬苑 2室次卧,中星张扬苑,2900,http://sh.58.com/pinpaigongyu/27998791261241x.shtml
【整租】豫园 桐心公寓 1室1厅,【整租】豫园,2600,http://sh.58.com/pinpaigongyu/28117013494828x.shtml
【整租】金沙江路 湾流社区华东师大 1室1厅,湾流社区华东师大,3900,http://sh.58.com/pinpaigongyu/28099908026923x.shtml
【整租】李子园 星云经济区 1室0厅,星云经济区,3000,http://sh.58.com/pinpaigongyu/28187924104495x.shtml
【整租】金桥 东兴华苑 1室1厅,东兴华苑,2999,http://sh.58.com/pinpaigongyu/27933981355063x.shtml
【整租】唐镇 绿波城 1室1厅,绿波城,3300,http://sh.58.com/pinpaigongyu/28253986793928x.shtml
【整租】川沙 川虹新苑(妙川路 2室1厅,川虹新苑(妙川路,2400,http://sh.58.com/pinpaigongyu/28158694637503x.shtml
【整租】罗店 美罗家园润苑 3室1厅,美罗家园润苑,2800,http://sh.58.com/pinpaigongyu/28188741830725x.shtml
【整租】张江 湾流国际青年社区 1室1厅,【整租】张江,3700,http://sh.58.com/pinpaigongyu/28088554850110x.shtml
【整租】金桥 桐心公寓 1室1厅,【整租】金桥,2500,http://sh.58.com/pinpaigongyu/28113736506294x.shtml
【整租】北桥区快 魔方公寓莲花南路 1室1厅,【整租】北桥区快,2000,http://sh.58.com/pinpaigongyu/28142989073967x.shtml
【整租】周浦 周浦万达广场 1室1厅,周浦万达广场,2200,http://sh.58.com/pinpaigongyu/28198147267521x.shtml
【整租】五角场 湾流青年国际社区 1室1厅,湾流青年国际社区,4000,http://sh.58.com/pinpaigongyu/28242618313770x.shtml
【整租】金桥 桐心公寓 1室1厅,【整租】金桥,2000,http://sh.58.com/pinpaigongyu/28110590975678x.shtml
【整租】人民广场 大中华小区 1室1厅,大中华小区,2680,http://sh.58.com/pinpaigongyu/28147267051825x.shtml
【整租】金桥 c9连锁公寓金桥 1室0厅,【整租】金桥,2500,http://sh.58.com/pinpaigongyu/27988268851916x.shtml
【整租】张江 湾流国际青年社区 1室1厅,【整租】张江,3700,http://sh.58.com/pinpaigongyu/28088554850110x.shtml
【整租】金桥 桐心公寓 1室1厅,【整租】金桥,2500,http://sh.58.com/pinpaigongyu/28113736506294x.shtml
【整租】北桥区快 魔方公寓莲花南路 1室1厅,【整租】北桥区快,2000,http://sh.58.com/pinpaigongyu/28142989073967x.shtml
【整租】周浦 周浦万达广场 1室1厅,周浦万达广场,2200,http://sh.58.com/pinpaigongyu/28198147267521x.shtml
【整租】五角场 湾流青年国际社区 1室1厅,湾流青年国际社区,4000,http://sh.58.com/pinpaigongyu/28242618313770x.shtml
【整租】金桥 桐心公寓 1室1厅,【整租】金桥,2000,http://sh.58.com/pinpaigongyu/28110590975678x.shtml
【整租】人民广场 大中华小区 1室1厅,大中华小区,2680,http://sh.58.com/pinpaigongyu/28147267051825x.shtml
【整租】金桥 c9连锁公寓金桥 1室0厅,【整租】金桥,2500,http://sh.58.com/pinpaigongyu/27988268851916x.shtml
【整租】张江 湾流国际青年社区 1室1厅,【整租】张江,3900,http://sh.58.com/pinpaigongyu/28088559237199x.shtml
【合租】唐镇 幸福里 3室次卧,幸福里,2045,http://sh.58.com/pinpaigongyu/28146282719693x.shtml
【整租】唐镇 唐巢高科坊(高科 1室1厅,唐巢高科坊(高科,2580,http://sh.58.com/pinpaigongyu/28253038038211x.shtml
【整租】马陆 金沙湾绿地和苑 3室1厅,金沙湾绿地和苑,4000,http://sh.58.com/pinpaigongyu/28078554690878x.shtml
【整租】曹路 佳伟景苑 1室1厅,佳伟景苑,2300,http://sh.58.com/pinpaigongyu/28275736594508x.shtml
【整租】高境 atway遇道 1室0厅,atway遇道,3200,http://sh.58.com/pinpaigongyu/28111931997356x.shtml
【合租】大宁路 歌林春天 4室主卧,歌林春天,3230,http://sh.58.com/pinpaigongyu/28088838433220x.shtml
【合租】川沙 华川家园 2室次卧,华川家园,2087,http://sh.58.com/pinpaigongyu/27899493125449x.shtml
【整租】高行 高行家园 1室1厅,高行家园,2350,http://sh.58.com/pinpaigongyu/28154155200453x.shtml
【整租】金杨新村 金杨路685弄 1室0厅,金杨路685弄,3699,http://sh.58.com/pinpaigongyu/27934704673588x.shtml
【整租】惠南 彩虹雅苑 2室1厅,彩虹雅苑,2300,http://sh.58.com/pinpaigongyu/28224038224193x.shtml
【整租】周浦 湾流青年国际社区 1室1厅,湾流青年国际社区,2500,http://sh.58.com/pinpaigongyu/28025156895665x.shtml
【合租】漕河泾 华悦家园 1室主卧,华悦家园,2000,http://sh.58.com/pinpaigongyu/28232303622059x.shtml
【整租】周浦 湾流青年国际社区 1室1厅,湾流青年国际社区,2600,http://sh.58.com/pinpaigongyu/27967263756866x.shtml
【整租】吴泾 万乐城商住 1室1厅,万乐城商住,2751,http://sh.58.com/pinpaigongyu/28132839462980x.shtml
【整租】罗店 金丰苑 1室1厅,金丰苑,2000,http://sh.58.com/pinpaigongyu/28100362157484x.shtml
【整租】安亭 魔方公寓汽车城 1室0厅,【整租】安亭,2000,http://sh.58.com/pinpaigongyu/28088112389967x.shtml
【整租】菊园新区 柳湖景庭 2室1厅,柳湖景庭,2500,http://sh.58.com/pinpaigongyu/28156333570251x.shtml
【整租】罗店 佳翔苑 2室1厅,佳翔苑,2400,http://sh.58.com/pinpaigongyu/28176347101388x.shtml
【整租】马陆 金沙湾绿地和苑 3室1厅,金沙湾绿地和苑,3120,http://sh.58.com/pinpaigongyu/28243018462784x.shtml
【整租】周浦 湾流青年国际社区 1室1厅,湾流青年国际社区,2200,http://sh.58.com/pinpaigongyu/28275526049360x.shtml
【整租】金杨新村 桐心公寓 1室1厅,【整租】金杨新村,2500,http://sh.58.com/pinpaigongyu/27779867080248x.shtml
【合租】徐家汇 南虹公寓 3室次卧,【合租】徐家汇,3450,http://sh.58.com/pinpaigongyu/28169250858171x.shtml
【整租】浦江 桐心公寓 1室1厅,【整租】浦江,2040,http://sh.58.com/pinpaigongyu/28057090392769x.shtml
【整租】东外滩 凯阳公寓 1室1厅,【整租】东外滩,2100,http://sh.58.com/pinpaigongyu/28168904707916x.shtml
【整租】北桥区快 魔方公寓莲花南路 1室1厅,【整租】北桥区快,2000,http://sh.58.com/pinpaigongyu/28187448432839x.shtml
【合租】张江 申城佳苑 4室主卧,申城佳苑,2680,http://sh.58.com/pinpaigongyu/27790524734777x.shtml
【整租】老西门 黄浦新苑二期 1室1厅,黄浦新苑二期,2500,http://sh.58.com/pinpaigongyu/28244274622021x.shtml
【整租】共富新村 共富二村 1室1厅,共富二村,3000,http://sh.58.com/pinpaigongyu/27437560080843x.shtml
【合租】洋泾 艾山新村 4室主卧,艾山新村,2500,http://sh.58.com/pinpaigongyu/28246021105099x.shtml
【整租】周浦 湾流青年国际社区 1室1厅,湾流青年国际社区,2500,http://sh.58.com/pinpaigongyu/27835503773134x.shtml
【整租】金桥 湾流国际青年社区 1室1厅,【整租】金桥,3189,http://sh.58.com/pinpaigongyu/28166921477191x.shtml
【整租】地铁中山公园 龙联小区 2室0厅,龙联小区,2800,http://sh.58.com/pinpaigongyu/27857519745592x.shtml
【整租】塘桥 桐心公寓 1室1厅,【整租】塘桥,2600,http://sh.58.com/pinpaigongyu/27943110457801x.shtml
【整租】周浦 湾流青年国际社区 1室1厅,湾流青年国际社区,2600,http://sh.58.com/pinpaigongyu/28176134911046x.shtml
【整租】金杨新村 桐心公寓 1室1厅,【整租】金杨新村,2500,http://sh.58.com/pinpaigongyu/27883029078342x.shtml
【合租】漕河泾 华悦家园 1室主卧,华悦家园,2000,http://sh.58.com/pinpaigongyu/28222036691152x.shtml
【整租】老西门 丽园公寓 1室1厅,【整租】老西门,2440,http://sh.58.com/pinpaigongyu/28187266420785x.shtml
【整租】世博滨江 上南二村 1室1厅,上南二村,2150,http://sh.58.com/pinpaigongyu/28242714743743x.shtml
【整租】周浦 湾流青年国际社区 1室1厅,湾流青年国际社区,2200,http://sh.58.com/pinpaigongyu/28034085769675x.shtml
【整租】浦江 桐心公寓 1室1厅,【整租】浦江,2440,http://sh.58.com/pinpaigongyu/27980880714290x.shtml
【整租】金杨新村 住友名人苑 1室1厅,住友名人苑,2250,http://sh.58.com/pinpaigongyu/28188865182919x.shtml
【整租】淮海中路 桐心公寓 1室1厅,【整租】淮海中路,2400,http://sh.58.com/pinpaigongyu/28126825404232x.shtml
【整租】大柏树 魔方公寓大柏树店 1室1厅,【整租】大柏树,3000,http://sh.58.com/pinpaigongyu/28090684293818x.shtml
【整租】杨行 宝启公寓 1室1厅,【整租】杨行,2680,http://sh.58.com/pinpaigongyu/27899580798394x.shtml
【整租】金桥 纬度服务公寓 1室1厅,【整租】金桥,2500,http://sh.58.com/pinpaigongyu/28121028042827x.shtml
【整租】张江 湾流国际青年社区 1室1厅,【整租】张江,2900,http://sh.58.com/pinpaigongyu/28087820529744x.shtml
【整租】金杨新村 金杨三街坊 1室1厅,金杨三街坊,2250,http://sh.58.com/pinpaigongyu/28157097829046x.shtml
【整租】松江大学城 魔方公寓松江大学 1室0厅,【整租】松江大学城,2223,http://sh.58.com/pinpaigongyu/27824372057780x.shtml
【合租】张江 张江公馆 3室次卧,张江公馆,2680,http://sh.58.com/pinpaigongyu/27922329360452x.shtml
【整租】金桥 新紫茂国际 1室1厅,新紫茂国际,3000,http://sh.58.com/pinpaigongyu/28277915341356x.shtml
【整租】川沙 王桥苑 2室1厅,王桥苑,3000,http://sh.58.com/pinpaigongyu/28079613106354x.shtml
【整租】张江 湾流国际青年社区 1室1厅,【整租】张江,2900,http://sh.58.com/pinpaigongyu/28087820529744x.shtml
【整租】金杨新村 金杨三街坊 1室1厅,金杨三街坊,2250,http://sh.58.com/pinpaigongyu/28157097829046x.shtml
【整租】松江大学城 魔方公寓松江大学 1室0厅,【整租】松江大学城,2223,http://sh.58.com/pinpaigongyu/27824372057780x.shtml
【合租】张江 张江公馆 3室次卧,张江公馆,2680,http://sh.58.com/pinpaigongyu/27922329360452x.shtml
【整租】金桥 新紫茂国际 1室1厅,新紫茂国际,3000,http://sh.58.com/pinpaigongyu/28277915341356x.shtml
【整租】川沙 王桥苑 2室1厅,王桥苑,3000,http://sh.58.com/pinpaigongyu/28079613106354x.shtml
【整租】张江 湾流国际青年社区 1室1厅,【整租】张江,3700,http://sh.58.com/pinpaigongyu/28245736168237x.shtml
【整租】三林 young精品公 1室0厅,young精品公,2900,http://sh.58.com/pinpaigongyu/28235221213502x.shtml
【整租】华东理工 C9公寓 1室1厅,【整租】华东理工,3500,http://sh.58.com/pinpaigongyu/28166965964865x.shtml
【整租】北桥区快 魔方公寓莲花南路 1室0厅,【整租】北桥区快,2000,http://sh.58.com/pinpaigongyu/28066012309163x.shtml
【整租】金桥 金桥佳苑 1室1厅,金桥佳苑,3899,http://sh.58.com/pinpaigongyu/28209172373709x.shtml
【合租】漕河泾 华悦家园 1室主卧,华悦家园,2350,http://sh.58.com/pinpaigongyu/28265202909114x.shtml
【整租】金桥 湾流国际青年社区 1室1厅,【整租】金桥,3168,http://sh.58.com/pinpaigongyu/28155821345349x.shtml
【整租】张江 玉兰香苑四期 1室1厅,玉兰香苑四期,3300,http://sh.58.com/pinpaigongyu/28264585925698x.shtml
【整租】罗店 金丰苑 2室1厅,金丰苑,2300,http://sh.58.com/pinpaigongyu/28168239843776x.shtml
【整租】金沙江路 湾流社区华东师大 1室1厅,湾流社区华东师大,3900,http://sh.58.com/pinpaigongyu/28159269892411x.shtml
【整租】张江 阳光花城 2室1厅,阳光花城,4000,http://sh.58.com/pinpaigongyu/28253467080236x.shtml
【整租】张江 湾流国际青年社区 1室1厅,【整租】张江,2700,http://sh.58.com/pinpaigongyu/28003812076751x.shtml
【整租】上海大学 聚丰景都 2室1厅,聚丰景都,3600,http://sh.58.com/pinpaigongyu/27877943073865x.shtml
【整租】周浦 湾流青年国际社区 1室1厅,湾流青年国际社区,2200,http://sh.58.com/pinpaigongyu/27767274795575x.shtml
【整租】上海大学 聚丰景都 2室1厅,聚丰景都,3600,http://sh.58.com/pinpaigongyu/27877943073865x.shtml
【整租】周浦 湾流青年国际社区 1室1厅,湾流青年国际社区,2200,http://sh.58.com/pinpaigongyu/27767274795575x.shtml
【整租】金桥 湾流国际青年社区 1室1厅,【整租】金桥,3188,http://sh.58.com/pinpaigongyu/28167981743428x.shtml
【整租】唐镇 创新佳苑180弄 1室1厅,创新佳苑180弄,3500,http://sh.58.com/pinpaigongyu/28275321262284x.shtml
【整租】周浦 湾流青年国际社区 1室1厅,湾流青年国际社区,2600,http://sh.58.com/pinpaigongyu/28254889211333x.shtml
【整租】周浦 湾流青年国际社区 1室1厅,湾流青年国际社区,2500,http://sh.58.com/pinpaigongyu/28179012179127x.shtml
【合租】田林 华悦家园 1室次卧,华悦家园,2700,http://sh.58.com/pinpaigongyu/27800130040490x.shtml
【整租】吴泾 其灵公寓 1室0厅,【整租】吴泾,2341,http://sh.58.com/pinpaigongyu/27899618122813x.shtml
【整租】三林 世华锦城 1室1厅,世华锦城,2100,http://sh.58.com/pinpaigongyu/28255827890507x.shtml
【整租】金桥 湾流国际青年社区 1室1厅,【整租】金桥,3599,http://sh.58.com/pinpaigongyu/28054859361079x.shtml
【整租】九亭 索纳特酒店公寓 1室1厅,【整租】九亭,2180,http://sh.58.com/pinpaigongyu/28275985595215x.shtml
【整租】金沙江路 湾流社区华东师大 1室1厅,湾流社区华东师大,3900,http://sh.58.com/pinpaigongyu/28243568834734x.shtml
【合租】田林 爱建园 1室主卧,爱建园,2600,http://sh.58.com/pinpaigongyu/28192110502338x.shtml
【整租】上海大学 湾流国际青年社区 1室1厅,【整租】上海大学,2800,http://sh.58.com/pinpaigongyu/28199006414020x.shtml
【整租】浦江 一品漫城 1室1厅,一品漫城,2600,http://sh.58.com/pinpaigongyu/28166197541834x.shtml
【整租】五角场 湾流青年国际社区 1室1厅,湾流青年国际社区,4000,http://sh.58.com/pinpaigongyu/28242750662956x.shtml
【整租】五角场 湾流青年国际社区 1室0厅,湾流青年国际社区,4000,http://sh.58.com/pinpaigongyu/28253372038459x.shtml
【整租】杨行 宝启公寓 1室1厅,【整租】杨行,2580,http://sh.58.com/pinpaigongyu/27900007424056x.shtml
【整租】虹口足球场 广灵二路商业街3 1室1厅,广灵二路商业街3,3500,http://sh.58.com/pinpaigongyu/28122272703183x.shtml
【整租】惠南 彩虹雅苑 3室1厅,彩虹雅苑,2800,http://sh.58.com/pinpaigongyu/28133876422956x.shtml
【整租】张江 湾流国际青年社区 1室1厅,【整租】张江,2900,http://sh.58.com/pinpaigongyu/28211502851527x.shtml
【整租】金桥 湾流国际青年社区 1室1厅,【整租】金桥,3600,http://sh.58.com/pinpaigongyu/27880264177710x.shtml
【合租】上海大学 学林苑 3室主卧,学林苑,2400,http://sh.58.com/pinpaigongyu/27902059442730x.shtml
【整租】徐家汇 金轩公寓 1室1厅,【整租】徐家汇,2600,http://sh.58.com/pinpaigongyu/28187483649463x.shtml
【整租】凌云路 c9公寓 1室0厅,【整租】凌云路,3000,http://sh.58.com/pinpaigongyu/28066456311745x.shtml
【整租】金桥 湾流国际青年社区 1室1厅,【整租】金桥,3086,http://sh.58.com/pinpaigongyu/28189592203084x.shtml
【整租】高行 善庭公寓 1室1厅,【整租】高行,2000,http://sh.58.com/pinpaigongyu/28168470782023x.shtml
【整租】周浦 湾流青年国际社区 1室1厅,湾流青年国际社区,2500,http://sh.58.com/pinpaigongyu/28035871256652x.shtml
【整租】周浦 湾流青年国际社区 1室1厅,湾流青年国际社区,2200,http://sh.58.com/pinpaigongyu/28275501200824x.shtml
【整租】周浦 湾流青年国际社区 1室1厅,湾流青年国际社区,2500,http://sh.58.com/pinpaigongyu/28243218485942x.shtml
【整租】金桥 湾流国际青年社区 1室1厅,【整租】金桥,3500,http://sh.58.com/pinpaigongyu/27868288036676x.shtml
【整租】浦江 湾流社区联航路 1室1厅,湾流社区联航路,2300,http://sh.58.com/pinpaigongyu/28100272736720x.shtml
【合租】康建 豪门府邸 1室主卧,豪门府邸,2350,http://sh.58.com/pinpaigongyu/28258538998215x.shtml
【整租】虹口足球场 中山北一路120 1室1厅,中山北一路120,3200,http://sh.58.com/pinpaigongyu/28189313641158x.shtml
【合租】张江 张江公馆 4室次卧,张江公馆,2280,http://sh.58.com/pinpaigongyu/28078930539702x.shtml
【整租】周浦 湾流青年国际社区 1室1厅,湾流青年国际社区,2500,http://sh.58.com/pinpaigongyu/27663396008237x.shtml
【整租】罗店 美兰湖颐景园 1室1厅,美兰湖颐景园,2000,http://sh.58.com/pinpaigongyu/28069964975429x.shtml
【整租】张江 湾流国际青年社区 1室1厅,【整租】张江,2700,http://sh.58.com/pinpaigongyu/28257473093961x.shtml
【整租】金杨新村 金杨路685弄 1室0厅,金杨路685弄,3399,http://sh.58.com/pinpaigongyu/27934691958061x.shtml
【整租】金沙江路 湾流社区华东师大 1室1厅,湾流社区华东师大,3900,http://sh.58.com/pinpaigongyu/28187996062907x.shtml
【整租】金杨新村 云山星座苑 1室1厅,云山星座苑,2250,http://sh.58.com/pinpaigongyu/28222359141056x.shtml
【整租】金桥 桐心公寓 1室1厅,【整租】金桥,2250,http://sh.58.com/pinpaigongyu/28124154842793x.shtml
【整租】浦江 湾流社区联航路 1室1厅,湾流社区联航路,2600,http://sh.58.com/pinpaigongyu/28033707727551x.shtml
【整租】虹口足球场 广灵二路商业街3 1室1厅,广灵二路商业街3,3500,http://sh.58.com/pinpaigongyu/28122243810242x.shtml
【合租】大华路 久华佳苑 3室次卧,久华佳苑,2455,http://sh.58.com/pinpaigongyu/27899960383041x.shtml
【整租】金桥 湾流国际青年社区 1室1厅,【整租】金桥,3600,http://sh.58.com/pinpaigongyu/27868183209659x.shtml
【合租】大场 彭浦农工商公共租 8室主卧,彭浦农工商公共租,2168,http://sh.58.com/pinpaigongyu/27855187845546x.shtml
【整租】上海大学 湾流国际青年社区 1室1厅,【整租】上海大学,2800,http://sh.58.com/pinpaigongyu/28143780700719x.shtml
【整租】罗店 金丰苑 3室1厅,金丰苑,2800,http://sh.58.com/pinpaigongyu/28198931148358x.shtml
【整租】潍坊新村 桐心公寓 1室1厅,【整租】潍坊新村,2200,http://sh.58.com/pinpaigongyu/28102666792769x.shtml
【整租】上海大学 湾流国际青年社区 1室1厅,【整租】上海大学,2800,http://sh.58.com/pinpaigongyu/28244699294124x.shtml
【整租】金桥 金泽苑 1室1厅,金泽苑,2250,http://sh.58.com/pinpaigongyu/28167015199551x.shtml
【整租】浦江 湾流社区联航路 1室1厅,湾流社区联航路,2400,http://sh.58.com/pinpaigongyu/28090276964554x.shtml
【合租】高行 东方城市华庭 2室主卧,东方城市华庭,2800,http://sh.58.com/pinpaigongyu/27935110769219x.shtml
【合租】张江 申城佳苑二期A块 4室主卧,申城佳苑二期A块,2680,http://sh.58.com/pinpaigongyu/27526130094895x.shtml
【整租】嘉定城区 绿洲丰怡园 3室1厅,绿洲丰怡园,3640,http://sh.58.com/pinpaigongyu/28122562455632x.shtml
【整租】金桥 桐心公寓 1室1厅,【整租】金桥,2250,http://sh.58.com/pinpaigongyu/28145225504058x.shtml
【整租】人民广场 悦鑫公寓 1室1厅,【整租】人民广场,2080,http://sh.58.com/pinpaigongyu/27557268229555x.shtml
【整租】浦江 湾流社区联航路 1室1厅,湾流社区联航路,2600,http://sh.58.com/pinpaigongyu/27825704391084x.shtml
【整租】张庙 城投世纪名城 1室1厅,城投世纪名城,2580,http://sh.58.com/pinpaigongyu/28168937508267x.shtml
【整租】浦江 桐心公寓 1室1厅,【整租】浦江,2688,http://sh.58.com/pinpaigongyu/27858245908931x.shtml
【整租】金桥 金新花苑 1室1厅,金新花苑,2200,http://sh.58.com/pinpaigongyu/28212830712009x.shtml
【整租】金桥 湾流国际青年社区 1室1厅,【整租】金桥,3600,http://sh.58.com/pinpaigongyu/27989515294663x.shtml
【整租】周浦 周浦万达广场商业 1室0厅,周浦万达广场商业,2000,http://sh.58.com/pinpaigongyu/27767921374650x.shtml
【整租】金桥 新紫茂国际 1室0厅,新紫茂国际,3200,http://sh.58.com/pinpaigongyu/28278922568625x.shtml
【整租】张江 湾流国际青年社区 1室1厅,【整租】张江,3900,http://sh.58.com/pinpaigongyu/28268205517251x.shtml
【整租】周浦 湾流青年国际社区 1室1厅,湾流青年国际社区,2500,http://sh.58.com/pinpaigongyu/27767128205747x.shtml
【合租】龙华 徐汇御景苑 3室次卧,徐汇御景苑,2890,http://sh.58.com/pinpaigongyu/28156090224974x.shtml
【合租】漕河泾 华悦家园 1室主卧,华悦家园,2088,http://sh.58.com/pinpaigongyu/28245990138682x.shtml
【整租】上海大学 湾流国际青年社区 1室1厅,【整租】上海大学,2800,http://sh.58.com/pinpaigongyu/28187432666933x.shtml
【整租】菊园新区 柳湖景庭 3室1厅,柳湖景庭,3500,http://sh.58.com/pinpaigongyu/27946022325581x.shtml
【整租】浦江 桐心公寓 1室1厅,【整租】浦江,3050,http://sh.58.com/pinpaigongyu/28067133154748x.shtml
【整租】金桥 湾流国际青年社区 1室1厅,【整租】金桥,2888,http://sh.58.com/pinpaigongyu/28199854661312x.shtml
【整租】金桥 c9连锁公寓金桥 1室1厅,【整租】金桥,2000,http://sh.58.com/pinpaigongyu/27988255365301x.shtml
【整租】浦江 湾流社区联航路 1室1厅,湾流社区联航路,2400,http://sh.58.com/pinpaigongyu/28023231999437x.shtml
【整租】华东理工 C9公寓 1室1厅,【整租】华东理工,3500,http://sh.58.com/pinpaigongyu/28176033751473x.shtml
【整租】金桥 桐心公寓 1室1厅,【整租】金桥,2250,http://sh.58.com/pinpaigongyu/28122060889930x.shtml
【整租】嘉定城区 城南新村 3室1厅,城南新村,3800,http://sh.58.com/pinpaigongyu/27846676960186x.shtml
【整租】金桥 桐心公寓 1室0厅,【整租】金桥,2000,http://sh.58.com/pinpaigongyu/27894259845695x.shtml
【整租】周浦 湾流青年国际社区 1室1厅,湾流青年国际社区,2500,http://sh.58.com/pinpaigongyu/27663419143228x.shtml
【整租】华东理工 C9公寓 1室1厅,【整租】华东理工,3500,http://sh.58.com/pinpaigongyu/28176033751473x.shtml
【整租】金桥 桐心公寓 1室1厅,【整租】金桥,2250,http://sh.58.com/pinpaigongyu/28122060889930x.shtml
【整租】嘉定城区 城南新村 3室1厅,城南新村,3800,http://sh.58.com/pinpaigongyu/27846676960186x.shtml
【整租】金桥 桐心公寓 1室0厅,【整租】金桥,2000,http://sh.58.com/pinpaigongyu/27894259845695x.shtml
【整租】周浦 湾流青年国际社区 1室1厅,湾流青年国际社区,2500,http://sh.58.com/pinpaigongyu/27663419143228x.shtml
【合租】田林 华悦家园 1室主卧,华悦家园,2700,http://sh.58.com/pinpaigongyu/27833901343809x.shtml
【整租】张江 湾流国际青年社区 1室1厅,【整租】张江,2900,http://sh.58.com/pinpaigongyu/28143548785723x.shtml
【整租】田林 华悦家园 1室1厅,华悦家园,2600,http://sh.58.com/pinpaigongyu/27848127590092x.shtml
【整租】金桥 寺前浜小区 1室1厅,寺前浜小区,2600,http://sh.58.com/pinpaigongyu/28211334463427x.shtml
【整租】徐泾 龙联小区 2室0厅,龙联小区,2800,http://sh.58.com/pinpaigongyu/27911158298685x.shtml
【整租】洋泾 张杨花苑 1室1厅,张杨花苑,3000,http://sh.58.com/pinpaigongyu/28191215951031x.shtml
【整租】张江 湾流国际青年社区 1室1厅,【整租】张江,3700,http://sh.58.com/pinpaigongyu/28224014283964x.shtml
【合租】漕河泾 泰成花苑 3室次卧,泰成花苑,3390,http://sh.58.com/pinpaigongyu/28257643829942x.shtml
【整租】北桥区快 魔方公寓莲花南路 1室1厅,【整租】北桥区快,2400,http://sh.58.com/pinpaigongyu/28075977646153x.shtml
【整租】碧云 信和花园 1室1厅,信和花园,3699,http://sh.58.com/pinpaigongyu/27976854838964x.shtml
【整租】北新泾 c9公寓 1室2厅,【整租】北新泾,4000,http://sh.58.com/pinpaigongyu/28033382278826x.shtml
【整租】金桥 湾流国际青年社区 1室1厅,【整租】金桥,2989,http://sh.58.com/pinpaigongyu/28021740137914x.shtml
【整租】张江 湾流国际青年社区 1室1厅,【整租】张江,2900,http://sh.58.com/pinpaigongyu/28278697679800x.shtml
【整租】张江 湾流国际青年社区 1室1厅,【整租】张江,2900,http://sh.58.com/pinpaigongyu/28027674098375x.shtml
【整租】金桥 桐心公寓 1室1厅,【整租】金桥,2300,http://sh.58.com/pinpaigongyu/28110016972083x.shtml
【整租】南京东路 云南小区 1室1厅,云南小区,2600,http://sh.58.com/pinpaigongyu/28176325937343x.shtml
【整租】外高桥 港城新苑 1室1厅,港城新苑,2250,http://sh.58.com/pinpaigongyu/28154892297293x.shtml
【合租】淞南 四季绿城 3室主卧,四季绿城,2708,http://sh.58.com/pinpaigongyu/28188104214579x.shtml
【整租】张江 湾流国际青年社区 1室1厅,【整租】张江,2700,http://sh.58.com/pinpaigongyu/28013785519538x.shtml
【整租】张江 湾流国际青年社区 1室0厅,【整租】张江,2900,http://sh.58.com/pinpaigongyu/28209259087054x.shtml
【合租】万体馆 创世纪花园 4室主卧,创世纪花园,3690,http://sh.58.com/pinpaigongyu/28277976143558x.shtml
【整租】金桥 碧海现代苑 1室1厅,碧海现代苑,2250,http://sh.58.com/pinpaigongyu/28180976113711x.shtml
【整租】周浦 湾流青年国际社区 1室1厅,湾流青年国际社区,2200,http://sh.58.com/pinpaigongyu/28067122495556x.shtml
【整租】金桥 湾流国际青年社区 1室1厅,【整租】金桥,3500,http://sh.58.com/pinpaigongyu/27889574761289x.shtml
【整租】万体馆 汇翠花园 1室1厅,汇翠花园,3500,http://sh.58.com/pinpaigongyu/28155913062709x.shtml
【整租】张江 湾流国际青年社区 1室1厅,【整租】张江,2700,http://sh.58.com/pinpaigongyu/28276276495918x.shtml
【整租】杨行 宝启公寓 1室1厅,【整租】杨行,2680,http://sh.58.com/pinpaigongyu/27899630118835x.shtml
【整租】罗店 金丰苑 2室1厅,金丰苑,2400,http://sh.58.com/pinpaigongyu/28023797109199x.shtml
【整租】金桥 纬度公寓 1室1厅,【整租】金桥,2600,http://sh.58.com/pinpaigongyu/28043510262988x.shtml
【整租】周浦 湾流青年国际社区 1室1厅,湾流青年国际社区,2600,http://sh.58.com/pinpaigongyu/28227212785075x.shtml
【整租】高行 汇郡海棠苑 3室1厅,汇郡海棠苑,3050,http://sh.58.com/pinpaigongyu/28266138709430x.shtml
【合租】漕河泾 华悦家园 1室主卧,华悦家园,2500,http://sh.58.com/pinpaigongyu/28190269988654x.shtml
【整租】金桥 V+Space金 1室1厅,V+Space金,3500,http://sh.58.com/pinpaigongyu/28087442881841x.shtml
【整租】川沙 华川家园 3室1厅,华川家园,3900,http://sh.58.com/pinpaigongyu/28100276969669x.shtml
【整租】金杨新村 金杨九街坊 1室1厅,金杨九街坊,2500,http://sh.58.com/pinpaigongyu/28233906582976x.shtml
【整租】罗店 金丰苑 2室1厅,金丰苑,2400,http://sh.58.com/pinpaigongyu/28023797109199x.shtml
【整租】金桥 纬度公寓 1室1厅,【整租】金桥,2600,http://sh.58.com/pinpaigongyu/28043510262988x.shtml
【整租】周浦 湾流青年国际社区 1室1厅,湾流青年国际社区,2600,http://sh.58.com/pinpaigongyu/28227212785075x.shtml
【整租】高行 汇郡海棠苑 3室1厅,汇郡海棠苑,3050,http://sh.58.com/pinpaigongyu/28266138709430x.shtml
【合租】漕河泾 华悦家园 1室主卧,华悦家园,2500,http://sh.58.com/pinpaigongyu/28190269988654x.shtml
【整租】金桥 V+Space金 1室1厅,V+Space金,3500,http://sh.58.com/pinpaigongyu/28087442881841x.shtml
【整租】川沙 华川家园 3室1厅,华川家园,3900,http://sh.58.com/pinpaigongyu/28100276969669x.shtml
【整租】金杨新村 金杨九街坊 1室1厅,金杨九街坊,2500,http://sh.58.com/pinpaigongyu/28233906582976x.shtml
【整租】金桥 湾流国际青年社区 1室1厅,【整租】金桥,3189,http://sh.58.com/pinpaigongyu/28132452749644x.shtml
【整租】菊园新区 怡华家园 2室1厅,怡华家园,2500,http://sh.58.com/pinpaigongyu/28035557701068x.shtml
【整租】浦江 湾流社区联航路 1室1厅,湾流社区联航路,2400,http://sh.58.com/pinpaigongyu/28012133941192x.shtml
【整租】唐镇 金利公寓 1室1厅,【整租】唐镇,3400,http://sh.58.com/pinpaigongyu/28253306523832x.shtml
【整租】华东理工 C9公寓 1室1厅,【整租】华东理工,2600,http://sh.58.com/pinpaigongyu/28210268439246x.shtml
【整租】唐镇 唐巢高科坊(高科 1室1厅,唐巢高科坊(高科,2700,http://sh.58.com/pinpaigongyu/28275270245562x.shtml
【整租】上海大学 湾流国际青年社区 1室1厅,【整租】上海大学,2800,http://sh.58.com/pinpaigongyu/28265334966984x.shtml
【整租】金桥 禹洲国际大厦 1室1厅,禹洲国际大厦,2250,http://sh.58.com/pinpaigongyu/28188976813517x.shtml
【合租】田林 华尔兹花园 1室主卧,华尔兹花园,2000,http://sh.58.com/pinpaigongyu/28235289401775x.shtml
【整租】张江 湾流国际青年社区 1室1厅,【整租】张江,2900,http://sh.58.com/pinpaigongyu/28278378623173x.shtml
【整租】周浦 湾流青年国际社区 1室1厅,湾流青年国际社区,2200,http://sh.58.com/pinpaigongyu/27993485680589x.shtml
【整租】周浦 湾流青年国际社区 1室1厅,湾流青年国际社区,2600,http://sh.58.com/pinpaigongyu/28098877202368x.shtml
【整租】张江 湾流国际青年社区 1室1厅,【整租】张江,3900,http://sh.58.com/pinpaigongyu/28115200331969x.shtml
【整租】周浦 湾流青年国际社区 1室1厅,湾流青年国际社区,2600,http://sh.58.com/pinpaigongyu/28121873068478x.shtml
【整租】张江 湾流国际青年社区 1室1厅,【整租】张江,2700,http://sh.58.com/pinpaigongyu/28279166119747x.shtml
【整租】浦江 湾流社区联航路 1室1厅,湾流社区联航路,2600,http://sh.58.com/pinpaigongyu/27999099110582x.shtml
【合租】康建 豪门府邸 1室主卧,豪门府邸,2450,http://sh.58.com/pinpaigongyu/28220264279995x.shtml
【整租】金杨新村 桐心公寓 1室1厅,【整租】金杨新村,2000,http://sh.58.com/pinpaigongyu/28109960831307x.shtml
【整租】周浦 湾流青年国际社区 1室1厅,湾流青年国际社区,2200,http://sh.58.com/pinpaigongyu/28242078961231x.shtml
【合租】康建 金桂苑徐汇 1室次卧,金桂苑徐汇,2000,http://sh.58.com/pinpaigongyu/28197997678918x.shtml
【整租】浦江 一品漫城 1室1厅,一品漫城,2500,http://sh.58.com/pinpaigongyu/28166260160573x.shtml
【整租】梅陇 c9公寓 1室1厅,【整租】梅陇,2500,http://sh.58.com/pinpaigongyu/28275930979754x.shtml
【整租】虹口足球场 广灵二路商业街3 1室1厅,广灵二路商业街3,3500,http://sh.58.com/pinpaigongyu/28220861247403x.shtml
【整租】上海大学 聚丰景都 2室1厅,聚丰景都,3700,http://sh.58.com/pinpaigongyu/28271251721921x.shtml
【整租】陆家嘴 桐心公寓 1室1厅,【整租】陆家嘴,2580,http://sh.58.com/pinpaigongyu/28123553779766x.shtml
【整租】张江 香楠小区 1室1厅,香楠小区,2950,http://sh.58.com/pinpaigongyu/28198668798127x.shtml
【整租】金桥 湾流国际青年社区 1室1厅,【整租】金桥,3009,http://sh.58.com/pinpaigongyu/28068347568331x.shtml
【合租】唐镇 幸福里 3室次卧,幸福里,2176,http://sh.58.com/pinpaigongyu/28276220080956x.shtml
【整租】王港 同馨苑 1室1厅,同馨苑,2900,http://sh.58.com/pinpaigongyu/28253369125318x.shtml
【合租】田林 爱建园 4室主卧,爱建园,3790,http://sh.58.com/pinpaigongyu/28277974618423x.shtml
【合租】康建 金桂苑徐汇 1室主卧,金桂苑徐汇,2350,http://sh.58.com/pinpaigongyu/28225127931967x.shtml
【整租】浦江 桐心公寓 1室1厅,【整租】浦江,2400,http://sh.58.com/pinpaigongyu/27834435332815x.shtml
【整租】张江 香楠小区 1室1厅,香楠小区,2950,http://sh.58.com/pinpaigongyu/28198668798127x.shtml
【整租】金桥 湾流国际青年社区 1室1厅,【整租】金桥,3009,http://sh.58.com/pinpaigongyu/28068347568331x.shtml
【合租】唐镇 幸福里 3室次卧,幸福里,2176,http://sh.58.com/pinpaigongyu/28276220080956x.shtml
【整租】王港 同馨苑 1室1厅,同馨苑,2900,http://sh.58.com/pinpaigongyu/28253369125318x.shtml
【合租】田林 爱建园 4室主卧,爱建园,3790,http://sh.58.com/pinpaigongyu/28277974618423x.shtml
【合租】康建 金桂苑徐汇 1室主卧,金桂苑徐汇,2350,http://sh.58.com/pinpaigongyu/28225127931967x.shtml
【整租】浦江 桐心公寓 1室1厅,【整租】浦江,2400,http://sh.58.com/pinpaigongyu/27834435332815x.shtml
【整租】周浦 湾流青年国际社区 1室1厅,湾流青年国际社区,2500,http://sh.58.com/pinpaigongyu/28183319461422x.shtml
【整租】浦江 桐心公寓 1室1厅,【整租】浦江,2488,http://sh.58.com/pinpaigongyu/27965839261135x.shtml
【整租】张江 湾流国际青年社区 1室1厅,【整租】张江,3900,http://sh.58.com/pinpaigongyu/28089668909639x.shtml
【合租】漕河泾 华悦家园 1室主卧,华悦家园,2000,http://sh.58.com/pinpaigongyu/28242471501386x.shtml
【整租】金桥 湾流国际青年社区 1室1厅,【整租】金桥,3599,http://sh.58.com/pinpaigongyu/27969413885101x.shtml
【整租】川沙 馨汇佳苑 3室1厅,馨汇佳苑,3800,http://sh.58.com/pinpaigongyu/28054533912495x.shtml
【整租】张江 湾流国际青年社区 1室1厅,【整租】张江,2900,http://sh.58.com/pinpaigongyu/28222359415360x.shtml
【整租】三林 岭南苑 1室1厅,岭南苑,2200,http://sh.58.com/pinpaigongyu/28155558206907x.shtml
【整租】金桥 c9连锁公寓金桥 1室1厅,【整租】金桥,2850,http://sh.58.com/pinpaigongyu/28242303044673x.shtml
【整租】浦江 湾流社区联航路 1室1厅,湾流社区联航路,2300,http://sh.58.com/pinpaigongyu/28023384347459x.shtml
【合租】龙华 海波花苑 3室次卧,海波花苑,2290,http://sh.58.com/pinpaigongyu/28233352372431x.shtml
【整租】北桥区快 魔方公寓莲花南路 1室1厅,【整租】北桥区快,2000,http://sh.58.com/pinpaigongyu/28165323692092x.shtml
【整租】金桥 湾流国际青年社区 1室1厅,【整租】金桥,2999,http://sh.58.com/pinpaigongyu/28013513589703x.shtml
【整租】川沙 川虹新苑(妙川路 3室1厅,川虹新苑(妙川路,4000,http://sh.58.com/pinpaigongyu/28211392934977x.shtml
【整租】菊园新区 柳湖景庭 3室1厅,柳湖景庭,3600,http://sh.58.com/pinpaigongyu/28089465527744x.shtml
【整租】浦东周边 陆家嘴国际华城 1室1厅,陆家嘴国际华城,2600,http://sh.58.com/pinpaigongyu/28187251734596x.shtml
【整租】金桥 湾流国际青年社区 1室1厅,【整租】金桥,3199,http://sh.58.com/pinpaigongyu/28122389303503x.shtml
【整租】北桥区快 魔方公寓莲花南路 1室0厅,【整租】北桥区快,2560,http://sh.58.com/pinpaigongyu/27979005635377x.shtml
【整租】嘉定城区 城南新村 3室1厅,城南新村,3700,http://sh.58.com/pinpaigongyu/27846666866601x.shtml
【整租】金沙江路 湾流社区华东师大 1室1厅,湾流社区华东师大,3900,http://sh.58.com/pinpaigongyu/28022842869695x.shtml
【整租】浦江 桐心公寓 1室1厅,【整租】浦江,2550,http://sh.58.com/pinpaigongyu/28032827999795x.shtml
【整租】金桥 桐心公寓 1室1厅,【整租】金桥,2300,http://sh.58.com/pinpaigongyu/28131683778245x.shtml
【整租】周浦 湾流青年国际社区 1室1厅,湾流青年国际社区,2200,http://sh.58.com/pinpaigongyu/28232006912312x.shtml
【整租】五角场 湾流青年国际社区 1室0厅,湾流青年国际社区,3300,http://sh.58.com/pinpaigongyu/28189938250693x.shtml
【整租】金桥 金桥禹州国际三期 1室1厅,金桥禹州国际三期,2580,http://sh.58.com/pinpaigongyu/28154646295756x.shtml
【整租】川沙 运通路728弄 1室1厅,运通路728弄,2000,http://sh.58.com/pinpaigongyu/27923493237182x.shtml
【整租】华东师大 湾流社区华东师大 1室1厅,湾流社区华东师大,3900,http://sh.58.com/pinpaigongyu/27988972171851x.shtml
【整租】佘山 佘山假日半岛 1室1厅,佘山假日半岛,2000,http://sh.58.com/pinpaigongyu/28025427317801x.shtml
【整租】九亭 城家公寓 1室0厅,【整租】九亭,3480,http://sh.58.com/pinpaigongyu/27912489021102x.shtml
【合租】彭浦 星林苑 4室次卧,星林苑,2100,http://sh.58.com/pinpaigongyu/27782818705987x.shtml
【整租】徐家汇 永新花苑 1室1厅,永新花苑,2300,http://sh.58.com/pinpaigongyu/28176466854991x.shtml
【合租】康建 豪门府邸 2室主卧,豪门府邸,2100,http://sh.58.com/pinpaigongyu/28235378085836x.shtml
【整租】马陆 金沙湾绿地和苑 2室1厅,金沙湾绿地和苑,3200,http://sh.58.com/pinpaigongyu/28157420570431x.shtml
【整租】蓬莱公园 西凌新村 1室1厅,西凌新村,3850,http://sh.58.com/pinpaigongyu/28270404177349x.shtml
【整租】张江 湾流国际青年社区 1室1厅,【整租】张江,3700,http://sh.58.com/pinpaigongyu/28033332821562x.shtml
【整租】张江 湾流国际青年社区 1室1厅,【整租】张江,2900,http://sh.58.com/pinpaigongyu/28024834463304x.shtml
【合租】金桥 双桥小区 3室主卧,双桥小区,2000,http://sh.58.com/pinpaigongyu/28123720694200x.shtml
【整租】闸北周边 延长小区 1室1厅,延长小区,4000,http://sh.58.com/pinpaigongyu/27855421405891x.shtml
【整租】松江新城 魔方公寓江田东路 1室1厅,【整租】松江新城,2100,http://sh.58.com/pinpaigongyu/27848227807409x.shtml
【合租】漕河泾 华悦家园 2室主卧,华悦家园,2200,http://sh.58.com/pinpaigongyu/28202761867822x.shtml
【整租】闸北公园 捌0玖0青年社区 1室0厅,【整租】闸北公园,3780,http://sh.58.com/pinpaigongyu/28235227074605x.shtml
【整租】罗店 宝欣苑二村 3室1厅,宝欣苑二村,2800,http://sh.58.com/pinpaigongyu/28176822396367x.shtml
【整租】周浦 湾流青年国际社区 1室1厅,湾流青年国际社区,2500,http://sh.58.com/pinpaigongyu/28167388889139x.shtml
【整租】金杨新村 桐心公寓 1室1厅,【整租】金杨新村,2250,http://sh.58.com/pinpaigongyu/28142854051885x.shtml
【整租】张江 湾流国际青年社区 1室1厅,【整租】张江,2700,http://sh.58.com/pinpaigongyu/28223995998924x.shtml
【整租】金桥 湾流国际青年社区 1室1厅,【整租】金桥,3012,http://sh.58.com/pinpaigongyu/28165628525110x.shtml
【整租】张江 湾流国际青年社区 1室1厅,【整租】张江,2700,http://sh.58.com/pinpaigongyu/28253220204858x.shtml
【整租】浦江 湾流社区联航路 1室1厅,湾流社区联航路,2400,http://sh.58.com/pinpaigongyu/28245409622961x.shtml
【合租】漕河泾 华悦家园 2室主卧,华悦家园,2200,http://sh.58.com/pinpaigongyu/28242240957389x.shtml
【整租】瑞金二路 桐心公寓 1室1厅,【整租】瑞金二路,2680,http://sh.58.com/pinpaigongyu/28135426773291x.shtml
【整租】周浦 湾流青年国际社区 1室1厅,湾流青年国际社区,2500,http://sh.58.com/pinpaigongyu/27779292151353x.shtml
【整租】周浦 湾流青年国际社区 1室1厅,湾流青年国际社区,2600,http://sh.58.com/pinpaigongyu/28099107780804x.shtml
【整租】惠南 惠康苑 3室1厅,惠康苑,2600,http://sh.58.com/pinpaigongyu/28133826640201x.shtml
【整租】张江 湾流国际青年社区 1室1厅,【整租】张江,2700,http://sh.58.com/pinpaigongyu/28253220204858x.shtml
【整租】浦江 湾流社区联航路 1室1厅,湾流社区联航路,2400,http://sh.58.com/pinpaigongyu/28245409622961x.shtml
【合租】漕河泾 华悦家园 2室主卧,华悦家园,2200,http://sh.58.com/pinpaigongyu/28242240957389x.shtml
【整租】瑞金二路 桐心公寓 1室1厅,【整租】瑞金二路,2680,http://sh.58.com/pinpaigongyu/28135426773291x.shtml
【整租】周浦 湾流青年国际社区 1室1厅,湾流青年国际社区,2500,http://sh.58.com/pinpaigongyu/27779292151353x.shtml
【整租】周浦 湾流青年国际社区 1室1厅,湾流青年国际社区,2600,http://sh.58.com/pinpaigongyu/28099107780804x.shtml
【整租】惠南 惠康苑 3室1厅,惠康苑,2600,http://sh.58.com/pinpaigongyu/28133826640201x.shtml
【合租】徐家汇 南溪公寓 3室主卧,【合租】徐家汇,3690,http://sh.58.com/pinpaigongyu/28178655489857x.shtml
【整租】金杨新村 上泰花苑 1室1厅,上泰花苑,2350,http://sh.58.com/pinpaigongyu/28154568442413x.shtml
【整租】川沙 川虹新苑(妙川路 2室1厅,川虹新苑(妙川路,2600,http://sh.58.com/pinpaigongyu/28178857038127x.shtml
【整租】上海大学 湾流国际青年社区 1室1厅,【整租】上海大学,2800,http://sh.58.com/pinpaigongyu/28171663816639x.shtml
【整租】周浦 c9公寓 1室1厅,【整租】周浦,2200,http://sh.58.com/pinpaigongyu/28087914337975x.shtml
【整租】周浦 湾流青年国际社区 1室1厅,湾流青年国际社区,2200,http://sh.58.com/pinpaigongyu/27780734641195x.shtml
【整租】三林 永泰花苑 1室1厅,永泰花苑,2520,http://sh.58.com/pinpaigongyu/28244649202890x.shtml
【整租】华东理工 C9公寓 1室1厅,【整租】华东理工,2600,http://sh.58.com/pinpaigongyu/28231260750274x.shtml
【合租】田林 万科华尔兹花园 2室主卧,万科华尔兹花园,2000,http://sh.58.com/pinpaigongyu/28244443456063x.shtml
【整租】唐镇 唐巢高科坊(高科 1室1厅,唐巢高科坊(高科,2300,http://sh.58.com/pinpaigongyu/28277928828469x.shtml
【整租】张江 湾流国际青年社区 1室1厅,【整租】张江,2900,http://sh.58.com/pinpaigongyu/28134893178539x.shtml
【整租】金桥 湾流国际青年社区 1室1厅,【整租】金桥,3011,http://sh.58.com/pinpaigongyu/28098635793585x.shtml
【整租】罗店 美兰湖颐景园 3室1厅,美兰湖颐景园,2800,http://sh.58.com/pinpaigongyu/28034231657288x.shtml
【合租】田林 金桂园 3室次卧,金桂园,2930,http://sh.58.com/pinpaigongyu/28057743467058x.shtml
【整租】八佰伴 桐心公寓 1室1厅,【整租】八佰伴,2300,http://sh.58.com/pinpaigongyu/28110240318794x.shtml
【整租】周浦 湾流青年国际社区 1室1厅,湾流青年国际社区,2200,http://sh.58.com/pinpaigongyu/28044069220686x.shtml
【整租】周浦 湾流青年国际社区 1室1厅,湾流青年国际社区,2500,http://sh.58.com/pinpaigongyu/28187066466615x.shtml
【整租】周浦 湾流青年国际社区 1室1厅,湾流青年国际社区,2500,http://sh.58.com/pinpaigongyu/28167407671372x.shtml
【整租】外高桥 魔方公寓富特北路 1室0厅,【整租】外高桥,2380,http://sh.58.com/pinpaigongyu/28254766596397x.shtml
【整租】张江 湾流国际青年社区 1室1厅,【整租】张江,2900,http://sh.58.com/pinpaigongyu/28198068197825x.shtml
【整租】金桥 桐心公寓 1室1厅,【整租】金桥,2350,http://sh.58.com/pinpaigongyu/27869289043395x.shtml
【合租】张江 樟盛苑 3室次卧,樟盛苑,2442,http://sh.58.com/pinpaigongyu/27877337298347x.shtml
【合租】康建 金桂苑徐汇 2室次卧,金桂苑徐汇,2200,http://sh.58.com/pinpaigongyu/28224809475258x.shtml
【整租】张江 湾流国际青年社区 1室1厅,【整租】张江,2700,http://sh.58.com/pinpaigongyu/28222739479888x.shtml
【整租】罗店 佳翔苑 3室1厅,佳翔苑,2800,http://sh.58.com/pinpaigongyu/28188752576065x.shtml
【整租】周浦 湾流青年国际社区 1室1厅,湾流青年国际社区,2600,http://sh.58.com/pinpaigongyu/28056531469889x.shtml
【整租】周浦 湾流青年国际社区 1室1厅,湾流青年国际社区,2200,http://sh.58.com/pinpaigongyu/28198425607108x.shtml
【整租】周浦 湾流青年国际社区 1室1厅,湾流青年国际社区,2500,http://sh.58.com/pinpaigongyu/27780496625459x.shtml
【整租】周浦 湾流青年国际社区 1室1厅,湾流青年国际社区,2500,http://sh.58.com/pinpaigongyu/27767533838782x.shtml
【整租】五角场 湾流青年国际社区 1室0厅,湾流青年国际社区,3300,http://sh.58.com/pinpaigongyu/28242248223562x.shtml
【合租】金桥 丽都成品 3室主卧,丽都成品,2360,http://sh.58.com/pinpaigongyu/28123743777848x.shtml
【整租】金杨新村 金杨一街坊 1室1厅,金杨一街坊,2250,http://sh.58.com/pinpaigongyu/28157080246851x.shtml
【整租】周浦 湾流青年国际社区 1室1厅,湾流青年国际社区,2200,http://sh.58.com/pinpaigongyu/28021757532214x.shtml
【整租】张江 湾流国际青年社区 1室1厅,【整租】张江,2900,http://sh.58.com/pinpaigongyu/28198068197825x.shtml
【整租】金桥 桐心公寓 1室1厅,【整租】金桥,2350,http://sh.58.com/pinpaigongyu/27869289043395x.shtml
【合租】张江 樟盛苑 3室次卧,樟盛苑,2442,http://sh.58.com/pinpaigongyu/27877337298347x.shtml
【合租】康建 金桂苑徐汇 2室次卧,金桂苑徐汇,2200,http://sh.58.com/pinpaigongyu/28224809475258x.shtml
【整租】张江 湾流国际青年社区 1室1厅,【整租】张江,2700,http://sh.58.com/pinpaigongyu/28222739479888x.shtml
【整租】罗店 佳翔苑 3室1厅,佳翔苑,2800,http://sh.58.com/pinpaigongyu/28188752576065x.shtml
【整租】周浦 湾流青年国际社区 1室1厅,湾流青年国际社区,2600,http://sh.58.com/pinpaigongyu/28056531469889x.shtml
【整租】周浦 湾流青年国际社区 1室1厅,湾流青年国际社区,2200,http://sh.58.com/pinpaigongyu/28198425607108x.shtml
【整租】周浦 湾流青年国际社区 1室1厅,湾流青年国际社区,2500,http://sh.58.com/pinpaigongyu/27780496625459x.shtml
【整租】周浦 湾流青年国际社区 1室1厅,湾流青年国际社区,2500,http://sh.58.com/pinpaigongyu/27767533838782x.shtml
【整租】五角场 湾流青年国际社区 1室0厅,湾流青年国际社区,3300,http://sh.58.com/pinpaigongyu/28242248223562x.shtml
【合租】金桥 丽都成品 3室主卧,丽都成品,2360,http://sh.58.com/pinpaigongyu/28123743777848x.shtml
【整租】金杨新村 金杨一街坊 1室1厅,金杨一街坊,2250,http://sh.58.com/pinpaigongyu/28157080246851x.shtml
【整租】周浦 湾流青年国际社区 1室1厅,湾流青年国际社区,2200,http://sh.58.com/pinpaigongyu/28021757532214x.shtml
【整租】嘉定新城 右岸嘉园 2室1厅,右岸嘉园,2600,http://sh.58.com/pinpaigongyu/28024527231293x.shtml
【整租】周浦 周浦万达广场 1室1厅,周浦万达广场,2200,http://sh.58.com/pinpaigongyu/28143971418665x.shtml
【整租】徐家汇 桐心公寓 1室1厅,【整租】徐家汇,2700,http://sh.58.com/pinpaigongyu/28133224977335x.shtml
【合租】北蔡 绿川新苑 4室主卧,绿川新苑,2680,http://sh.58.com/pinpaigongyu/28221092477116x.shtml
【合租】松江新城 西林花园 6室次卧,西林花园,2293,http://sh.58.com/pinpaigongyu/27899783443792x.shtml
【整租】碧云 信和花园 1室1厅,信和花园,2999,http://sh.58.com/pinpaigongyu/27966399675460x.shtml
【整租】周浦 湾流青年国际社区 1室1厅,湾流青年国际社区,2500,http://sh.58.com/pinpaigongyu/28166824842038x.shtml
【整租】北桥区快 魔方公寓莲花南路 1室1厅,【整租】北桥区快,2000,http://sh.58.com/pinpaigongyu/28197876983222x.shtml
【整租】浦江 一品漫城 1室1厅,一品漫城,2400,http://sh.58.com/pinpaigongyu/28220650393935x.shtml
【整租】东方路地铁 桐心公寓 1室1厅,【整租】东方路地铁,2300,http://sh.58.com/pinpaigongyu/28104607815368x.shtml
【整租】张江 湾流国际青年社区 1室1厅,【整租】张江,2900,http://sh.58.com/pinpaigongyu/28090767477197x.shtml
【整租】颛桥 馨香酒店式公寓 9室1厅,【整租】颛桥,2641,http://sh.58.com/pinpaigongyu/28110758490313x.shtml
【整租】三林 恒大华城东林苑 1室1厅,恒大华城东林苑,2400,http://sh.58.com/pinpaigongyu/28242362458821x.shtml
【整租】周浦 湾流青年国际社区 1室1厅,湾流青年国际社区,2600,http://sh.58.com/pinpaigongyu/27977927478323x.shtml
【整租】嘉定城区 绿洲丰怡园 3室1厅,绿洲丰怡园,3550,http://sh.58.com/pinpaigongyu/28277912411308x.shtml
【整租】金桥 湾流国际青年社区 1室1厅,【整租】金桥,3101,http://sh.58.com/pinpaigongyu/28123982016443x.shtml
【整租】周浦 湾流青年国际社区 1室1厅,湾流青年国际社区,2500,http://sh.58.com/pinpaigongyu/27779864338734x.shtml
【整租】菊园新区 怡华家园 3室1厅,怡华家园,3500,http://sh.58.com/pinpaigongyu/28057501646921x.shtml
【整租】唐镇 唐巢高科坊(高科 1室1厅,唐巢高科坊(高科,2300,http://sh.58.com/pinpaigongyu/28275372587955x.shtml
【整租】金桥 桐心公寓 1室1厅,【整租】金桥,2400,http://sh.58.com/pinpaigongyu/27902571942185x.shtml
【合租】上海大学 锦秋花园 1室次卧,锦秋花园,2300,http://sh.58.com/pinpaigongyu/28235249729856x.shtml
【整租】天山路 天申小区 1室1厅,天申小区,4000,http://sh.58.com/pinpaigongyu/28156991374403x.shtml
【整租】张江 湾流国际青年社区 1室1厅,【整租】张江,3900,http://sh.58.com/pinpaigongyu/28079135498538x.shtml
【整租】川沙 馨汇佳苑 2室1厅,馨汇佳苑,3000,http://sh.58.com/pinpaigongyu/28267651906761x.shtml
【整租】罗店 佳翔苑 3室1厅,佳翔苑,2900,http://sh.58.com/pinpaigongyu/28123139287361x.shtml
【整租】田林 未来域 1室0厅,未来域,2700,http://sh.58.com/pinpaigongyu/28223564043830x.shtml
【整租】潍坊新村 桐心公寓 1室0厅,【整租】潍坊新村,2790,http://sh.58.com/pinpaigongyu/28132398339914x.shtml
【整租】金桥 纬度服务公寓 1室1厅,【整租】金桥,3300,http://sh.58.com/pinpaigongyu/28111088566096x.shtml
【合租】九亭 象屿名城 1室主卧,象屿名城,2200,http://sh.58.com/pinpaigongyu/28235209646415x.shtml
【整租】北桥区快 魔方公寓莲花南路 1室0厅,【整租】北桥区快,2560,http://sh.58.com/pinpaigongyu/28012975059662x.shtml
【合租】漕河泾 华悦家园 1室主卧,华悦家园,2166,http://sh.58.com/pinpaigongyu/28268769616175x.shtml
【整租】菊园新区 柳湖景庭 1室1厅,柳湖景庭,2500,http://sh.58.com/pinpaigongyu/27933253512898x.shtml
【合租】唐镇 幸福里 3室主卧,幸福里,2327,http://sh.58.com/pinpaigongyu/28120606507305x.shtml
【整租】金桥 桐心公寓 1室1厅,【整租】金桥,2000,http://sh.58.com/pinpaigongyu/28110711449270x.shtml
【整租】李子园 星云经济区 1室0厅,星云经济区,3200,http://sh.58.com/pinpaigongyu/28176736145974x.shtml
【整租】金桥 湾流国际青年社区 1室1厅,【整租】金桥,3188,http://sh.58.com/pinpaigongyu/27921940590899x.shtml
【整租】嘉定城区 绿洲丰怡园 3室1厅,绿洲丰怡园,3550,http://sh.58.com/pinpaigongyu/28266541154998x.shtml
【整租】上海大学 丰宝苑 2室1厅,丰宝苑,3700,http://sh.58.com/pinpaigongyu/28079334270646x.shtml
【整租】嘉定新城 远香舫嘉苑 3室1厅,远香舫嘉苑,2600,http://sh.58.com/pinpaigongyu/28256301420488x.shtml
【整租】人民广场 平望小区 1室1厅,平望小区,3300,http://sh.58.com/pinpaigongyu/28260125319240x.shtml
【整租】金桥 湾流国际青年社区 1室1厅,【整租】金桥,2998,http://sh.58.com/pinpaigongyu/28145325447366x.shtml
【整租】金桥 金桥佳苑 1室1厅,金桥佳苑,2250,http://sh.58.com/pinpaigongyu/28155037396550x.shtml
【合租】龙华 龙缘公寓 4室次卧,【合租】龙华,2790,http://sh.58.com/pinpaigongyu/28123247370424x.shtml
【合租】田林 万科华尔兹花园 2室主卧,万科华尔兹花园,2600,http://sh.58.com/pinpaigongyu/28191852676551x.shtml
【整租】周浦 湾流青年国际社区 1室1厅,湾流青年国际社区,2200,http://sh.58.com/pinpaigongyu/28243065367209x.shtml
【整租】北桥区快 魔方公寓莲花南路 1室1厅,【整租】北桥区快,2000,http://sh.58.com/pinpaigongyu/28209534633165x.shtml
【整租】嘉定新城 远香舫嘉苑 3室1厅,远香舫嘉苑,2600,http://sh.58.com/pinpaigongyu/28256301420488x.shtml
【整租】人民广场 平望小区 1室1厅,平望小区,3300,http://sh.58.com/pinpaigongyu/28260125319240x.shtml
【整租】金桥 湾流国际青年社区 1室1厅,【整租】金桥,2998,http://sh.58.com/pinpaigongyu/28145325447366x.shtml
【整租】金桥 金桥佳苑 1室1厅,金桥佳苑,2250,http://sh.58.com/pinpaigongyu/28155037396550x.shtml
【合租】龙华 龙缘公寓 4室次卧,【合租】龙华,2790,http://sh.58.com/pinpaigongyu/28123247370424x.shtml
【合租】田林 万科华尔兹花园 2室主卧,万科华尔兹花园,2600,http://sh.58.com/pinpaigongyu/28191852676551x.shtml
【整租】周浦 湾流青年国际社区 1室1厅,湾流青年国际社区,2200,http://sh.58.com/pinpaigongyu/28243065367209x.shtml
【整租】北桥区快 魔方公寓莲花南路 1室1厅,【整租】北桥区快,2000,http://sh.58.com/pinpaigongyu/28209534633165x.shtml
【整租】金杨新村 金杨金台苑 1室0厅,金杨金台苑,3200,http://sh.58.com/pinpaigongyu/28043231872703x.shtml
【整租】金杨新村 桐心公寓 1室1厅,【整租】金杨新村,2300,http://sh.58.com/pinpaigongyu/28104947727819x.shtml
【整租】闸北周边 延长小区 1室1厅,延长小区,3500,http://sh.58.com/pinpaigongyu/27966458969550x.shtml
【整租】吴泾 其灵公寓 1室0厅,【整租】吴泾,2341,http://sh.58.com/pinpaigongyu/27899618740145x.shtml
【整租】罗店 美罗家园润苑 3室1厅,美罗家园润苑,2800,http://sh.58.com/pinpaigongyu/27945858341948x.shtml
【整租】浦江 万科早城 1室1厅,万科早城,2500,http://sh.58.com/pinpaigongyu/28245862365519x.shtml
【合租】漕河泾 华悦家园 1室主卧,华悦家园,2500,http://sh.58.com/pinpaigongyu/28267086608567x.shtml
【整租】北桥区快 魔方公寓莲花南路 1室1厅,【整租】北桥区快,2300,http://sh.58.com/pinpaigongyu/28043535763126x.shtml
【整租】上南 思浦小区 1室1厅,思浦小区,2440,http://sh.58.com/pinpaigongyu/28222907456840x.shtml
【整租】张江 湾流国际青年社区 1室1厅,【整租】张江,2900,http://sh.58.com/pinpaigongyu/28121639971267x.shtml
【整租】金沙江路 湾流社区华东师大 1室1厅,湾流社区华东师大,3900,http://sh.58.com/pinpaigongyu/28202367494221x.shtml
【整租】浦江 桐心公寓 1室1厅,【整租】浦江,2030,http://sh.58.com/pinpaigongyu/28054866113459x.shtml
